Timestamp,ECG_Value
2026-02-26 15:37:35.910,-0.0
2026-02-26 15:37:35.911,-0.0
2026-02-26 15:37:35.911,-0.0
2026-02-26 15:37:35.911,-0.0
2026-02-26 15:37:35.911,-0.0
2026-02-26 15:37:35.911,-0.0
2026-02-26 15:37:35.912,-0.0
2026-02-26 15:37:35.912,-0.0
2026-02-26 15:37:35.912,-0.0
2026-02-26 15:37:35.912,-0.0
2026-02-26 15:37:36.059,0.05
2026-02-26 15:37:36.059,-0.13
2026-02-26 15:37:36.066,0.11
2026-02-26 15:37:36.079,0.04
2026-02-26 15:37:36.092,-0.1
2026-02-26 15:37:36.106,0.03
2026-02-26 15:37:36.121,0.01
2026-02-26 15:37:36.133,0.01
2026-02-26 15:37:36.146,-0.03
2026-02-26 15:37:36.158,0.02
2026-02-26 15:37:36.173,-0.01
2026-02-26 15:37:36.186,0.01
2026-02-26 15:37:36.199,-0.02
2026-02-26 15:37:36.212,0.02
2026-02-26 15:37:36.228,-0.01
2026-02-26 15:37:36.239,0.0
2026-02-26 15:37:36.252,-0.0
2026-02-26 15:37:36.267,0.01
2026-02-26 15:37:36.279,-0.0
2026-02-26 15:37:36.293,-0.01
2026-02-26 15:37:36.306,0.01
2026-02-26 15:37:36.318,0.01
2026-02-26 15:37:36.332,-0.02
2026-02-26 15:37:36.346,0.01
2026-02-26 15:37:36.362,-0.01
2026-02-26 15:37:36.374,0.01
2026-02-26 15:37:36.386,-0.0
2026-02-26 15:37:36.399,-0.01
2026-02-26 15:37:36.412,0.01
2026-02-26 15:37:36.426,0.0
2026-02-26 15:37:36.439,-0.01
2026-02-26 15:37:36.452,0.0
2026-02-26 15:37:36.466,-0.0
2026-02-26 15:37:36.479,0.0
2026-02-26 15:37:36.492,0.01
2026-02-26 15:37:36.506,-0.01
2026-02-26 15:37:36.519,0.0
2026-02-26 15:37:36.535,0.0
2026-02-26 15:37:36.548,0.0
2026-02-26 15:37:36.559,-0.01
2026-02-26 15:37:36.572,0.01
2026-02-26 15:37:36.586,-0.0
2026-02-26 15:37:36.599,-0.0
2026-02-26 15:37:36.613,-0.0
2026-02-26 15:37:36.626,0.01
2026-02-26 15:37:36.639,-0.0
2026-02-26 15:37:36.652,-0.0
2026-02-26 15:37:36.666,-0.0
2026-02-26 15:37:36.679,0.0
2026-02-26 15:37:36.692,-0.01
2026-02-26 15:37:36.708,0.01
2026-02-26 15:37:36.721,-0.01
2026-02-26 15:37:36.732,0.01
2026-02-26 15:37:36.747,-0.0
2026-02-26 15:37:36.759,0.0
2026-02-26 15:37:36.773,-0.01
2026-02-26 15:37:36.786,0.01
2026-02-26 15:37:36.799,-0.01
2026-02-26 15:37:36.812,0.01
2026-02-26 15:37:36.826,-0.0
2026-02-26 15:37:36.839,-0.0
2026-02-26 15:37:36.852,-0.0
2026-02-26 15:37:36.869,0.0
2026-02-26 15:37:36.881,-0.01
2026-02-26 15:37:36.892,0.01
2026-02-26 15:37:36.906,-0.01
2026-02-26 15:37:36.919,0.01
2026-02-26 15:37:36.933,-0.01
2026-02-26 15:37:36.946,0.01
2026-02-26 15:37:36.959,-0.0
2026-02-26 15:37:36.973,0.01
2026-02-26 15:37:36.987,-0.02
2026-02-26 15:37:36.999,0.01
2026-02-26 15:37:37.013,-0.0
2026-02-26 15:37:37.027,-0.0
2026-02-26 15:37:37.041,-0.0
2026-02-26 15:37:37.054,0.01
2026-02-26 15:37:37.066,-0.01
2026-02-26 15:37:37.079,0.0
2026-02-26 15:37:37.092,0.0
2026-02-26 15:37:37.106,0.0
2026-02-26 15:37:37.119,-0.01
2026-02-26 15:37:37.133,0.01
2026-02-26 15:37:37.147,-0.01
2026-02-26 15:37:37.159,0.0
2026-02-26 15:37:37.173,-0.0
2026-02-26 15:37:37.186,0.0
2026-02-26 15:37:37.199,-0.01
2026-02-26 15:37:37.212,0.01
2026-02-26 15:37:37.226,-0.0
2026-02-26 15:37:37.242,-0.0
2026-02-26 15:37:37.252,0.0
2026-02-26 15:37:37.266,0.0
2026-02-26 15:37:37.279,-0.0
2026-02-26 15:37:37.292,0.01
2026-02-26 15:37:37.306,-0.0
2026-02-26 15:37:37.319,0.0
2026-02-26 15:37:37.332,-0.0
2026-02-26 15:37:37.346,0.0
2026-02-26 15:37:37.359,0.01
2026-02-26 15:37:37.372,-0.01
2026-02-26 15:37:37.386,0.01
2026-02-26 15:37:37.399,-0.01
2026-02-26 15:37:37.414,0.0
2026-02-26 15:37:37.426,0.0
2026-02-26 15:37:37.439,-0.0
2026-02-26 15:37:37.453,0.0
2026-02-26 15:37:37.466,0.0
2026-02-26 15:37:37.479,-0.0
2026-02-26 15:37:37.492,0.0
2026-02-26 15:37:37.507,-0.0
2026-02-26 15:37:37.519,0.01
2026-02-26 15:37:37.532,-0.01
2026-02-26 15:37:37.546,0.01
2026-02-26 15:37:37.559,-0.0
2026-02-26 15:37:37.575,0.0
2026-02-26 15:37:37.589,-0.01
2026-02-26 15:37:37.599,0.01
2026-02-26 15:37:37.613,-0.01
2026-02-26 15:37:37.626,0.0
2026-02-26 15:37:37.639,-0.01
2026-02-26 15:37:37.652,0.01
2026-02-26 15:37:37.667,-0.01
2026-02-26 15:37:37.679,0.01
2026-02-26 15:37:37.693,-0.01
2026-02-26 15:37:37.706,0.01
2026-02-26 15:37:37.719,-0.01
2026-02-26 15:37:37.735,0.01
2026-02-26 15:37:37.747,-0.01
2026-02-26 15:37:37.759,0.01
2026-02-26 15:37:37.773,-0.01
2026-02-26 15:37:37.786,0.0
2026-02-26 15:37:37.799,-0.01
2026-02-26 15:37:37.813,0.01
2026-02-26 15:37:37.827,-0.01
2026-02-26 15:37:37.839,0.01
2026-02-26 15:37:37.853,-0.0
2026-02-26 15:37:37.866,0.0
2026-02-26 15:37:37.879,-0.01
2026-02-26 15:37:37.893,0.01
2026-02-26 15:37:37.909,-0.01
2026-02-26 15:37:37.922,0.0
2026-02-26 15:37:37.933,-0.0
2026-02-26 15:37:37.947,0.01
2026-02-26 15:37:37.959,-0.01
2026-02-26 15:37:37.973,0.01
2026-02-26 15:37:37.987,-0.01
2026-02-26 15:37:37.999,0.0
2026-02-26 15:37:38.013,-0.0
2026-02-26 15:37:38.027,0.0
2026-02-26 15:37:38.039,0.0
2026-02-26 15:37:38.053,0.0
2026-02-26 15:37:38.067,-0.0
2026-02-26 15:37:38.079,0.0
2026-02-26 15:37:38.095,0.0
2026-02-26 15:37:38.107,-0.0
2026-02-26 15:37:38.119,0.0
2026-02-26 15:37:38.133,-0.0
2026-02-26 15:37:38.147,-0.0
2026-02-26 15:37:38.159,0.01
2026-02-26 15:37:38.173,0.0
2026-02-26 15:37:38.187,-0.0
2026-02-26 15:37:38.199,0.0
2026-02-26 15:37:38.215,-0.0
2026-02-26 15:37:38.226,0.0
2026-02-26 15:37:38.239,-0.0
2026-02-26 15:37:38.253,0.0
2026-02-26 15:37:38.269,-0.0
2026-02-26 15:37:38.279,0.01
2026-02-26 15:37:38.293,0.0
2026-02-26 15:37:38.307,-0.01
2026-02-26 15:37:38.319,0.0
2026-02-26 15:37:38.333,-0.0
2026-02-26 15:37:38.347,-0.0
2026-02-26 15:37:38.359,0.0
2026-02-26 15:37:38.373,-0.0
2026-02-26 15:37:38.387,0.01
2026-02-26 15:37:38.402,-0.01
2026-02-26 15:37:38.415,0.0
2026-02-26 15:37:38.427,-0.0
2026-02-26 15:37:38.439,0.01
2026-02-26 15:37:38.453,-0.0
2026-02-26 15:37:38.467,0.0
2026-02-26 15:37:38.479,-0.0
2026-02-26 15:37:38.493,0.01
2026-02-26 15:37:38.507,-0.01
2026-02-26 15:37:38.519,0.01
2026-02-26 15:37:38.533,-0.01
2026-02-26 15:37:38.547,0.0
2026-02-26 15:37:38.562,-0.01
2026-02-26 15:37:38.572,0.01
2026-02-26 15:37:38.587,-0.01
2026-02-26 15:37:38.599,0.01
2026-02-26 15:37:38.613,-0.01
2026-02-26 15:37:38.627,0.01
2026-02-26 15:37:38.639,-0.01
2026-02-26 15:37:38.653,0.01
2026-02-26 15:37:38.667,-0.01
2026-02-26 15:37:38.679,0.01
2026-02-26 15:37:38.693,-0.01
2026-02-26 15:37:38.707,0.01
2026-02-26 15:37:38.719,-0.01
2026-02-26 15:37:38.733,0.01
2026-02-26 15:37:38.749,-0.01
2026-02-26 15:37:38.759,0.01
2026-02-26 15:37:38.773,-0.01
2026-02-26 15:37:38.787,0.01
2026-02-26 15:37:38.799,-0.01
2026-02-26 15:37:38.813,0.01
2026-02-26 15:37:38.827,-0.01
2026-02-26 15:37:38.839,0.01
2026-02-26 15:37:38.853,-0.01
2026-02-26 15:37:38.867,0.01
2026-02-26 15:37:38.879,-0.01
2026-02-26 15:37:38.893,0.01
2026-02-26 15:37:38.907,-0.01
2026-02-26 15:37:38.919,0.01
2026-02-26 15:37:38.935,-0.01
2026-02-26 15:37:38.945,0.01
2026-02-26 15:37:38.959,-0.01
2026-02-26 15:37:38.973,0.01
2026-02-26 15:37:38.989,-0.01
2026-02-26 15:37:39.001,0.01
2026-02-26 15:37:39.013,-0.01
2026-02-26 15:37:39.027,0.01
2026-02-26 15:37:39.039,-0.01
2026-02-26 15:37:39.053,0.01
2026-02-26 15:37:39.067,-0.01
2026-02-26 15:37:39.079,0.01
2026-02-26 15:37:39.093,-0.01
2026-02-26 15:37:39.107,0.01
2026-02-26 15:37:39.122,-0.01
2026-02-26 15:37:39.133,0.01
2026-02-26 15:37:39.147,-0.01
2026-02-26 15:37:39.159,0.0
2026-02-26 15:37:39.173,-0.0
2026-02-26 15:37:39.187,0.01
2026-02-26 15:37:39.199,-0.02
2026-02-26 15:37:39.213,0.01
2026-02-26 15:37:39.227,-0.01
2026-02-26 15:37:39.242,0.01
2026-02-26 15:37:39.255,-0.01
2026-02-26 15:37:39.267,0.01
2026-02-26 15:37:39.279,-0.01
2026-02-26 15:37:39.293,0.01
2026-02-26 15:37:39.307,-0.01
2026-02-26 15:37:39.319,0.01
2026-02-26 15:37:39.333,-0.0
2026-02-26 15:37:39.347,0.0
2026-02-26 15:37:39.359,-0.0
2026-02-26 15:37:39.375,0.01
2026-02-26 15:37:39.389,-0.0
2026-02-26 15:37:39.399,0.0
2026-02-26 15:37:39.413,-0.0
2026-02-26 15:37:39.427,0.01
2026-02-26 15:37:39.439,-0.0
2026-02-26 15:37:39.453,-0.0
2026-02-26 15:37:39.467,-0.0
2026-02-26 15:37:39.479,0.01
2026-02-26 15:37:39.493,-0.01
2026-02-26 15:37:39.507,0.0
2026-02-26 15:37:39.519,0.0
2026-02-26 15:37:39.533,-0.0
2026-02-26 15:37:39.547,0.0
2026-02-26 15:37:39.562,0.0
2026-02-26 15:37:39.575,-0.0
2026-02-26 15:37:39.587,0.0
2026-02-26 15:37:39.599,-0.0
2026-02-26 15:37:39.613,-0.0
2026-02-26 15:37:39.627,-0.0
2026-02-26 15:37:39.639,0.0
2026-02-26 15:37:39.653,-0.0
2026-02-26 15:37:39.667,-0.0
2026-02-26 15:37:39.679,0.01
2026-02-26 15:37:39.693,-0.0
2026-02-26 15:37:39.707,-0.0
2026-02-26 15:37:39.719,-0.0
2026-02-26 15:37:39.733,0.01
2026-02-26 15:37:39.749,-0.0
2026-02-26 15:37:39.762,0.0
2026-02-26 15:37:39.773,-0.0
2026-02-26 15:37:39.787,0.0
2026-02-26 15:37:39.799,-0.0
2026-02-26 15:37:39.813,0.01
2026-02-26 15:37:39.827,-0.01
2026-02-26 15:37:39.839,0.01
2026-02-26 15:37:39.853,-0.01
2026-02-26 15:37:39.867,0.01
2026-02-26 15:37:39.879,-0.01
2026-02-26 15:37:39.893,0.01
2026-02-26 15:37:39.907,-0.01
2026-02-26 15:37:39.922,0.02
2026-02-26 15:37:39.933,-0.01
2026-02-26 15:37:39.947,0.01
2026-02-26 15:37:39.959,-0.01
2026-02-26 15:37:39.973,0.01
2026-02-26 15:37:39.987,-0.01
2026-02-26 15:37:39.999,0.01
2026-02-26 15:37:40.013,-0.01
2026-02-26 15:37:40.027,0.01
2026-02-26 15:37:40.039,-0.01
2026-02-26 15:37:40.053,0.01
2026-02-26 15:37:40.069,-0.01
2026-02-26 15:37:40.082,0.01
2026-02-26 15:37:40.093,-0.01
2026-02-26 15:37:40.107,0.01
2026-02-26 15:37:40.119,-0.01
2026-02-26 15:37:40.133,0.0
2026-02-26 15:37:40.147,-0.0
2026-02-26 15:37:40.159,0.01
2026-02-26 15:37:40.173,-0.02
2026-02-26 15:37:40.187,0.02
2026-02-26 15:37:40.199,-0.01
2026-02-26 15:37:40.213,0.01
2026-02-26 15:37:40.227,-0.01
2026-02-26 15:37:40.239,0.01
2026-02-26 15:37:40.253,-0.01
2026-02-26 15:37:40.269,0.01
2026-02-26 15:37:40.279,-0.01
2026-02-26 15:37:40.293,0.01
2026-02-26 15:37:40.307,-0.01
2026-02-26 15:37:40.319,0.01
2026-02-26 15:37:40.333,-0.01
2026-02-26 15:37:40.347,0.01
2026-02-26 15:37:40.359,-0.01
2026-02-26 15:37:40.373,0.01
2026-02-26 15:37:40.387,-0.01
2026-02-26 15:37:40.399,0.01
2026-02-26 15:37:40.413,-0.01
2026-02-26 15:37:40.427,0.01
2026-02-26 15:37:40.439,-0.01
2026-02-26 15:37:40.455,0.0
2026-02-26 15:37:40.467,-0.0
2026-02-26 15:37:40.479,0.01
2026-02-26 15:37:40.493,-0.01
2026-02-26 15:37:40.507,0.01
2026-02-26 15:37:40.519,-0.01
2026-02-26 15:37:40.533,0.01
2026-02-26 15:37:40.547,-0.01
2026-02-26 15:37:40.559,0.01
2026-02-26 15:37:40.573,-0.01
2026-02-26 15:37:40.587,0.01
2026-02-26 15:37:40.599,-0.0
2026-02-26 15:37:40.613,0.01
2026-02-26 15:37:40.629,-0.01
2026-02-26 15:37:40.642,0.01
2026-02-26 15:37:40.653,-0.01
2026-02-26 15:37:40.667,0.01
2026-02-26 15:37:40.679,-0.01
2026-02-26 15:37:40.693,0.01
2026-02-26 15:37:40.707,-0.0
2026-02-26 15:37:40.719,0.0
2026-02-26 15:37:40.733,-0.01
2026-02-26 15:37:40.747,0.01
2026-02-26 15:37:40.759,-0.01
2026-02-26 15:37:40.773,0.01
2026-02-26 15:37:40.787,-0.0
2026-02-26 15:37:40.802,0.0
2026-02-26 15:37:40.815,-0.0
2026-02-26 15:37:40.827,0.0
2026-02-26 15:37:40.839,-0.01
2026-02-26 15:37:40.853,0.01
2026-02-26 15:37:40.867,-0.01
2026-02-26 15:37:40.879,0.01
2026-02-26 15:37:40.893,-0.01
2026-02-26 15:37:40.906,0.01
2026-02-26 15:37:40.919,-0.0
2026-02-26 15:37:40.933,-0.0
2026-02-26 15:37:40.947,0.0
2026-02-26 15:37:40.959,0.0
2026-02-26 15:37:40.973,-0.01
2026-02-26 15:37:40.987,0.01
2026-02-26 15:37:41.002,-0.01
2026-02-26 15:37:41.013,0.0
2026-02-26 15:37:41.027,-0.0
2026-02-26 15:37:41.039,0.0
2026-02-26 15:37:41.053,-0.01
2026-02-26 15:37:41.067,0.01
2026-02-26 15:37:41.079,-0.0
2026-02-26 15:37:41.093,0.0
2026-02-26 15:37:41.107,0.0
2026-02-26 15:37:41.119,-0.0
2026-02-26 15:37:41.133,0.0
2026-02-26 15:37:41.147,0.0
2026-02-26 15:37:41.159,-0.0
2026-02-26 15:37:41.173,0.01
2026-02-26 15:37:41.189,-0.0
2026-02-26 15:37:41.202,0.0
2026-02-26 15:37:41.213,0.0
2026-02-26 15:37:41.227,0.0
2026-02-26 15:37:41.239,-0.0
2026-02-26 15:37:41.253,0.0
2026-02-26 15:37:41.267,-0.0
2026-02-26 15:37:41.279,0.0
2026-02-26 15:37:41.293,-0.01
2026-02-26 15:37:41.306,0.01
2026-02-26 15:37:41.319,-0.0
2026-02-26 15:37:41.333,0.0
2026-02-26 15:37:41.347,-0.0
2026-02-26 15:37:41.359,0.0
2026-02-26 15:37:41.373,-0.01
2026-02-26 15:37:41.389,0.0
2026-02-26 15:37:41.399,-0.0
2026-02-26 15:37:41.413,-0.0
2026-02-26 15:37:41.427,0.0
2026-02-26 15:37:41.439,-0.0
2026-02-26 15:37:41.453,-0.0
2026-02-26 15:37:41.467,0.01
2026-02-26 15:37:41.479,-0.01
2026-02-26 15:37:41.493,-0.0
2026-02-26 15:37:41.507,0.01
2026-02-26 15:37:41.519,0.0
2026-02-26 15:37:41.533,-0.0
2026-02-26 15:37:41.547,0.0
2026-02-26 15:37:41.562,-0.0
2026-02-26 15:37:41.575,0.0
2026-02-26 15:37:41.587,-0.0
2026-02-26 15:37:41.599,0.0
2026-02-26 15:37:41.613,-0.01
2026-02-26 15:37:41.627,0.01
2026-02-26 15:37:41.639,-0.0
2026-02-26 15:37:41.653,-0.0
2026-02-26 15:37:41.666,0.0
2026-02-26 15:37:41.679,0.0
2026-02-26 15:37:41.693,-0.01
2026-02-26 15:37:41.707,0.0
2026-02-26 15:37:41.719,-0.0
2026-02-26 15:37:41.735,0.01
2026-02-26 15:37:41.749,-0.01
2026-02-26 15:37:41.759,0.01
2026-02-26 15:37:41.773,-0.0
2026-02-26 15:37:41.787,0.0
2026-02-26 15:37:41.799,-0.0
2026-02-26 15:37:41.813,-0.0
2026-02-26 15:37:41.826,0.0
2026-02-26 15:37:41.839,0.0
2026-02-26 15:37:41.853,-0.01
2026-02-26 15:37:41.866,0.01
2026-02-26 15:37:41.879,-0.0
2026-02-26 15:37:41.893,0.0
2026-02-26 15:37:41.907,-0.0
2026-02-26 15:37:41.919,0.0
2026-02-26 15:37:41.935,-0.01
2026-02-26 15:37:41.945,0.01
2026-02-26 15:37:41.959,-0.01
2026-02-26 15:37:41.973,0.01
2026-02-26 15:37:41.986,0.0
2026-02-26 15:37:41.999,-0.0
2026-02-26 15:37:42.013,-0.0
2026-02-26 15:37:42.026,0.0
2026-02-26 15:37:42.039,-0.0
2026-02-26 15:37:42.053,0.0
2026-02-26 15:37:42.069,-0.0
2026-02-26 15:37:42.081,0.0
2026-02-26 15:37:42.093,-0.0
2026-02-26 15:37:42.106,0.0
2026-02-26 15:37:42.119,-0.0
2026-02-26 15:37:42.133,0.0
2026-02-26 15:37:42.147,-0.01
2026-02-26 15:37:42.159,0.01
2026-02-26 15:37:42.173,-0.0
2026-02-26 15:37:42.187,-0.0
2026-02-26 15:37:42.199,-0.0
2026-02-26 15:37:42.213,0.01
2026-02-26 15:37:42.229,-0.01
2026-02-26 15:37:42.239,0.01
2026-02-26 15:37:42.253,-0.01
2026-02-26 15:37:42.266,0.0
2026-02-26 15:37:42.279,-0.01
2026-02-26 15:37:42.293,0.0
2026-02-26 15:37:42.307,-0.0
2026-02-26 15:37:42.319,-0.0
2026-02-26 15:37:42.333,-0.0
2026-02-26 15:37:42.346,0.0
2026-02-26 15:37:42.359,-0.0
2026-02-26 15:37:42.375,0.01
2026-02-26 15:37:42.387,-0.01
2026-02-26 15:37:42.399,0.01
2026-02-26 15:37:42.413,-0.0
2026-02-26 15:37:42.427,-0.0
2026-02-26 15:37:42.439,-0.0
2026-02-26 15:37:42.453,0.0
2026-02-26 15:37:42.467,-0.01
2026-02-26 15:37:42.479,0.01
2026-02-26 15:37:42.493,-0.01
2026-02-26 15:37:42.506,0.0
2026-02-26 15:37:42.519,-0.01
2026-02-26 15:37:42.535,0.01
2026-02-26 15:37:42.547,-0.01
2026-02-26 15:37:42.559,0.0
2026-02-26 15:37:42.573,-0.0
2026-02-26 15:37:42.586,0.0
2026-02-26 15:37:42.599,-0.01
2026-02-26 15:37:42.613,0.0
2026-02-26 15:37:42.627,-0.01
2026-02-26 15:37:42.639,0.01
2026-02-26 15:37:42.653,-0.0
2026-02-26 15:37:42.666,0.0
2026-02-26 15:37:42.679,-0.01
2026-02-26 15:37:42.693,0.01
2026-02-26 15:37:42.709,-0.0
2026-02-26 15:37:42.719,0.0
2026-02-26 15:37:42.733,-0.0
2026-02-26 15:37:42.746,0.0
2026-02-26 15:37:42.759,-0.0
2026-02-26 15:37:42.773,0.01
2026-02-26 15:37:42.787,-0.01
2026-02-26 15:37:42.799,0.01
2026-02-26 15:37:42.813,-0.01
2026-02-26 15:37:42.826,0.0
2026-02-26 15:37:42.839,-0.0
2026-02-26 15:37:42.853,0.01
2026-02-26 15:37:42.869,-0.01
2026-02-26 15:37:42.879,0.01
2026-02-26 15:37:42.893,-0.0
2026-02-26 15:37:42.906,0.01
2026-02-26 15:37:42.919,-0.01
2026-02-26 15:37:42.933,0.01
2026-02-26 15:37:42.947,-0.01
2026-02-26 15:37:42.959,0.01
2026-02-26 15:37:42.973,-0.01
2026-02-26 15:37:42.986,0.01
2026-02-26 15:37:42.999,-0.01
2026-02-26 15:37:43.013,0.01
2026-02-26 15:37:43.029,-0.01
2026-02-26 15:37:43.042,0.01
2026-02-26 15:37:43.053,-0.01
2026-02-26 15:37:43.066,0.01
2026-02-26 15:37:43.079,-0.01
2026-02-26 15:37:43.093,0.01
2026-02-26 15:37:43.107,-0.01
2026-02-26 15:37:43.119,0.01
2026-02-26 15:37:43.133,-0.01
2026-02-26 15:37:43.146,0.01
2026-02-26 15:37:43.159,-0.01
2026-02-26 15:37:43.173,0.01
2026-02-26 15:37:43.187,-0.01
2026-02-26 15:37:43.199,0.01
2026-02-26 15:37:43.213,-0.01
2026-02-26 15:37:43.229,0.01
2026-02-26 15:37:43.239,-0.01
2026-02-26 15:37:43.253,0.01
2026-02-26 15:37:43.267,-0.01
2026-02-26 15:37:43.279,0.01
2026-02-26 15:37:43.293,-0.01
2026-02-26 15:37:43.306,0.01
2026-02-26 15:37:43.319,-0.01
2026-02-26 15:37:43.333,0.01
2026-02-26 15:37:43.347,-0.01
2026-02-26 15:37:43.362,0.01
2026-02-26 15:37:43.375,-0.01
2026-02-26 15:37:43.386,0.01
2026-02-26 15:37:43.399,-0.01
2026-02-26 15:37:43.413,0.01
2026-02-26 15:37:43.427,-0.01
2026-02-26 15:37:43.439,0.01
2026-02-26 15:37:43.453,-0.01
2026-02-26 15:37:43.466,0.01
2026-02-26 15:37:43.479,-0.01
2026-02-26 15:37:43.493,0.01
2026-02-26 15:37:43.507,-0.01
2026-02-26 15:37:43.519,0.01
2026-02-26 15:37:43.533,-0.01
2026-02-26 15:37:43.546,0.01
2026-02-26 15:37:43.562,-0.01
2026-02-26 15:37:43.575,0.01
2026-02-26 15:37:43.587,-0.01
2026-02-26 15:37:43.599,0.0
2026-02-26 15:37:43.613,-0.01
2026-02-26 15:37:43.626,0.01
2026-02-26 15:37:43.639,-0.01
2026-02-26 15:37:43.653,0.01
2026-02-26 15:37:43.667,-0.01
2026-02-26 15:37:43.679,0.01
2026-02-26 15:37:43.693,-0.01
2026-02-26 15:37:43.706,0.01
2026-02-26 15:37:43.722,-0.01
2026-02-26 15:37:43.735,0.01
2026-02-26 15:37:43.747,-0.01
2026-02-26 15:37:43.759,0.01
2026-02-26 15:37:43.773,-0.01
2026-02-26 15:37:43.786,0.01
2026-02-26 15:37:43.799,-0.01
2026-02-26 15:37:43.813,0.01
2026-02-26 15:37:43.827,-0.01
2026-02-26 15:37:43.839,0.01
2026-02-26 15:37:43.853,-0.01
2026-02-26 15:37:43.866,0.01
2026-02-26 15:37:43.879,-0.0
2026-02-26 15:37:43.895,0.01
2026-02-26 15:37:43.909,-0.01
2026-02-26 15:37:43.919,0.01
2026-02-26 15:37:43.933,-0.01
2026-02-26 15:37:43.946,0.01
2026-02-26 15:37:43.959,-0.01
2026-02-26 15:37:43.973,0.01
2026-02-26 15:37:43.987,-0.01
2026-02-26 15:37:43.999,0.01
2026-02-26 15:37:44.013,-0.0
2026-02-26 15:37:44.026,0.01
2026-02-26 15:37:44.039,-0.01
2026-02-26 15:37:44.053,0.01
2026-02-26 15:37:44.069,-0.0
2026-02-26 15:37:44.079,0.0
2026-02-26 15:37:44.093,-0.01
2026-02-26 15:37:44.106,0.01
2026-02-26 15:37:44.119,-0.01
2026-02-26 15:37:44.133,0.01
2026-02-26 15:37:44.147,-0.01
2026-02-26 15:37:44.159,0.0
2026-02-26 15:37:44.173,-0.0
2026-02-26 15:37:44.186,0.01
2026-02-26 15:37:44.199,-0.01
2026-02-26 15:37:44.213,0.01
2026-02-26 15:37:44.229,-0.01
2026-02-26 15:37:44.242,0.01
2026-02-26 15:37:44.253,-0.01
2026-02-26 15:37:44.266,0.01
2026-02-26 15:37:44.279,-0.01
2026-02-26 15:37:44.293,0.01
2026-02-26 15:37:44.307,-0.01
2026-02-26 15:37:44.319,0.01
2026-02-26 15:37:44.333,-0.01
2026-02-26 15:37:44.346,0.0
2026-02-26 15:37:44.359,-0.0
2026-02-26 15:37:44.373,0.01
2026-02-26 15:37:44.387,-0.01
2026-02-26 15:37:44.399,0.0
2026-02-26 15:37:44.413,0.0
2026-02-26 15:37:44.429,-0.0
2026-02-26 15:37:44.439,-0.0
2026-02-26 15:37:44.453,0.01
2026-02-26 15:37:44.467,-0.01
2026-02-26 15:37:44.479,0.01
2026-02-26 15:37:44.493,-0.01
2026-02-26 15:37:44.506,0.01
2026-02-26 15:37:44.519,-0.02
2026-02-26 15:37:44.533,0.02
2026-02-26 15:37:44.547,-0.02
2026-02-26 15:37:44.559,0.02
2026-02-26 15:37:44.573,-0.02
2026-02-26 15:37:44.586,0.01
2026-02-26 15:37:44.602,0.01
2026-02-26 15:37:44.615,-0.02
2026-02-26 15:37:44.626,0.01
2026-02-26 15:37:44.639,0.0
2026-02-26 15:37:44.653,-0.02
2026-02-26 15:37:44.666,0.03
2026-02-26 15:37:44.679,0.02
2026-02-26 15:37:44.693,-0.02
2026-02-26 15:37:44.707,-0.04
2026-02-26 15:37:44.719,0.04
2026-02-26 15:37:44.733,-0.0
2026-02-26 15:37:44.747,-0.01
2026-02-26 15:37:44.759,-0.01
2026-02-26 15:37:44.773,0.01
2026-02-26 15:37:44.787,-0.01
2026-02-26 15:37:44.802,-0.0
2026-02-26 15:37:44.813,0.0
2026-02-26 15:37:44.825,0.0
2026-02-26 15:37:44.839,-0.0
2026-02-26 15:37:44.853,0.0
2026-02-26 15:37:44.867,-0.0
2026-02-26 15:37:44.879,0.01
2026-02-26 15:37:44.893,-0.01
2026-02-26 15:37:44.906,0.01
2026-02-26 15:37:44.919,-0.01
2026-02-26 15:37:44.933,0.01
2026-02-26 15:37:44.947,-0.01
2026-02-26 15:37:44.959,0.0
2026-02-26 15:37:44.973,0.0
2026-02-26 15:37:44.989,-0.0
2026-02-26 15:37:44.999,-0.01
2026-02-26 15:37:45.013,0.01
2026-02-26 15:37:45.026,-0.0
2026-02-26 15:37:45.039,0.0
2026-02-26 15:37:45.053,-0.01
2026-02-26 15:37:45.066,0.01
2026-02-26 15:37:45.079,-0.0
2026-02-26 15:37:45.093,0.0
2026-02-26 15:37:45.106,-0.0
2026-02-26 15:37:45.119,0.0
2026-02-26 15:37:45.133,-0.0
2026-02-26 15:37:45.146,0.0
2026-02-26 15:37:45.159,-0.0
2026-02-26 15:37:45.175,0.0
2026-02-26 15:37:45.189,-0.0
2026-02-26 15:37:45.199,-0.0
2026-02-26 15:37:45.213,0.0
2026-02-26 15:37:45.226,-0.0
2026-02-26 15:37:45.239,-0.0
2026-02-26 15:37:45.253,0.0
2026-02-26 15:37:45.266,-0.0
2026-02-26 15:37:45.279,-0.0
2026-02-26 15:37:45.293,0.0
2026-02-26 15:37:45.309,-0.0
2026-02-26 15:37:45.322,0.0
2026-02-26 15:37:45.333,-0.0
2026-02-26 15:37:45.346,0.01
2026-02-26 15:37:45.359,-0.01
2026-02-26 15:37:45.373,0.0
2026-02-26 15:37:45.386,-0.0
2026-02-26 15:37:45.399,0.0
2026-02-26 15:37:45.413,-0.0
2026-02-26 15:37:45.426,-0.0
2026-02-26 15:37:45.439,0.0
2026-02-26 15:37:45.453,0.0
2026-02-26 15:37:45.466,-0.01
2026-02-26 15:37:45.479,0.01
2026-02-26 15:37:45.493,-0.0
2026-02-26 15:37:45.509,0.02
2026-02-26 15:37:45.522,-0.04
2026-02-26 15:37:45.533,0.03
2026-02-26 15:37:45.546,0.01
2026-02-26 15:37:45.559,-0.02
2026-02-26 15:37:45.573,0.01
2026-02-26 15:37:45.586,0.0
2026-02-26 15:37:45.599,0.01
2026-02-26 15:37:45.613,-0.02
2026-02-26 15:37:45.626,0.0
2026-02-26 15:37:45.639,0.01
2026-02-26 15:37:45.653,-0.01
2026-02-26 15:37:45.666,-0.0
2026-02-26 15:37:45.682,0.0
2026-02-26 15:37:45.695,-0.0
2026-02-26 15:37:45.706,0.0
2026-02-26 15:37:45.719,0.0
2026-02-26 15:37:45.733,-0.0
2026-02-26 15:37:45.746,0.0
2026-02-26 15:37:45.759,-0.02
2026-02-26 15:37:45.773,0.04
2026-02-26 15:37:45.786,-0.03
2026-02-26 15:37:45.799,0.01
2026-02-26 15:37:45.815,0.0
2026-02-26 15:37:45.825,-0.03
2026-02-26 15:37:45.839,0.04
2026-02-26 15:37:45.853,-0.01
2026-02-26 15:37:45.866,-0.0
2026-02-26 15:37:45.879,-0.04
2026-02-26 15:37:45.893,0.09
2026-02-26 15:37:45.906,-0.09
2026-02-26 15:37:45.919,0.04
2026-02-26 15:37:45.933,-0.02
2026-02-26 15:37:45.949,0.03
2026-02-26 15:37:45.959,-0.02
2026-02-26 15:37:45.973,-0.04
2026-02-26 15:37:45.986,0.06
2026-02-26 15:37:45.999,-0.01
2026-02-26 15:37:46.013,-0.01
2026-02-26 15:37:46.026,-0.08
2026-02-26 15:37:46.039,0.18
2026-02-26 15:37:46.053,-0.11
2026-02-26 15:37:46.066,-0.01
2026-02-26 15:37:46.079,0.02
2026-02-26 15:37:46.093,0.04
2026-02-26 15:37:46.106,-0.07
2026-02-26 15:37:46.119,0.05
2026-02-26 15:37:46.135,-0.02
2026-02-26 15:37:46.149,-0.01
2026-02-26 15:37:46.159,0.04
2026-02-26 15:37:46.173,-0.07
2026-02-26 15:37:46.186,0.06
2026-02-26 15:37:46.199,-0.01
2026-02-26 15:37:46.213,-0.0
2026-02-26 15:37:46.226,-0.03
2026-02-26 15:37:46.239,0.05
2026-02-26 15:37:46.253,-0.05
2026-02-26 15:37:46.266,0.04
2026-02-26 15:37:46.279,-0.02
2026-02-26 15:37:46.293,0.01
2026-02-26 15:37:46.306,-0.02
2026-02-26 15:37:46.322,0.02
2026-02-26 15:37:46.335,-0.02
2026-02-26 15:37:46.345,0.02
2026-02-26 15:37:46.359,-0.02
2026-02-26 15:37:46.373,0.02
2026-02-26 15:37:46.386,-0.01
2026-02-26 15:37:46.399,0.01
2026-02-26 15:37:46.413,-0.02
2026-02-26 15:37:46.426,0.02
2026-02-26 15:37:46.439,-0.01
2026-02-26 15:37:46.453,0.01
2026-02-26 15:37:46.466,-0.01
2026-02-26 15:37:46.479,0.02
2026-02-26 15:37:46.493,-0.02
2026-02-26 15:37:46.509,0.02
2026-02-26 15:37:46.521,-0.01
2026-02-26 15:37:46.533,0.02
2026-02-26 15:37:46.546,-0.02
2026-02-26 15:37:46.559,0.01
2026-02-26 15:37:46.573,-0.0
2026-02-26 15:37:46.586,0.01
2026-02-26 15:37:46.599,-0.01
2026-02-26 15:37:46.613,0.01
2026-02-26 15:37:46.629,-0.01
2026-02-26 15:37:46.639,0.01
2026-02-26 15:37:46.653,-0.0
2026-02-26 15:37:46.666,-0.0
2026-02-26 15:37:46.679,0.0
2026-02-26 15:37:46.693,0.0
2026-02-26 15:37:46.706,-0.0
2026-02-26 15:37:46.719,-0.0
2026-02-26 15:37:46.733,0.0
2026-02-26 15:37:46.746,0.0
2026-02-26 15:37:46.759,-0.0
2026-02-26 15:37:46.773,-0.0
2026-02-26 15:37:46.785,0.0
2026-02-26 15:37:46.799,-0.01
2026-02-26 15:37:46.815,0.02
2026-02-26 15:37:46.829,-0.02
2026-02-26 15:37:46.839,0.01
2026-02-26 15:37:46.853,0.01
2026-02-26 15:37:46.866,-0.01
2026-02-26 15:37:46.879,-0.0
2026-02-26 15:37:46.893,0.01
2026-02-26 15:37:46.905,-0.01
2026-02-26 15:37:46.919,0.0
2026-02-26 15:37:46.933,0.0
2026-02-26 15:37:46.945,0.0
2026-02-26 15:37:46.959,-0.0
2026-02-26 15:37:46.973,0.0
2026-02-26 15:37:46.986,-0.0
2026-02-26 15:37:47.002,0.01
2026-02-26 15:37:47.015,-0.01
2026-02-26 15:37:47.025,0.01
2026-02-26 15:37:47.039,-0.01
2026-02-26 15:37:47.053,0.01
2026-02-26 15:37:47.066,-0.01
2026-02-26 15:37:47.079,0.01
2026-02-26 15:37:47.093,-0.01
2026-02-26 15:37:47.105,0.02
2026-02-26 15:37:47.119,-0.01
2026-02-26 15:37:47.133,-0.0
2026-02-26 15:37:47.145,0.0
2026-02-26 15:37:47.159,0.0
2026-02-26 15:37:47.173,-0.0
2026-02-26 15:37:47.185,0.0
2026-02-26 15:37:47.202,-0.01
2026-02-26 15:37:47.213,-0.0
2026-02-26 15:37:47.225,0.01
2026-02-26 15:37:47.239,0.0
2026-02-26 15:37:47.253,-0.01
2026-02-26 15:37:47.265,0.0
2026-02-26 15:37:47.279,-0.0
2026-02-26 15:37:47.293,0.0
2026-02-26 15:37:47.306,-0.01
2026-02-26 15:37:47.319,0.01
2026-02-26 15:37:47.333,-0.01
2026-02-26 15:37:47.345,0.01
2026-02-26 15:37:47.359,-0.01
2026-02-26 15:37:47.373,0.01
2026-02-26 15:37:47.388,0.0
2026-02-26 15:37:47.401,-0.01
2026-02-26 15:37:47.413,-0.0
2026-02-26 15:37:47.425,0.02
2026-02-26 15:37:47.439,-0.03
2026-02-26 15:37:47.453,0.01
2026-02-26 15:37:47.465,0.0
2026-02-26 15:37:47.479,0.0
2026-02-26 15:37:47.493,-0.01
2026-02-26 15:37:47.505,0.02
2026-02-26 15:37:47.519,-0.02
2026-02-26 15:37:47.533,0.01
2026-02-26 15:37:47.549,-0.0
2026-02-26 15:37:47.559,-0.0
2026-02-26 15:37:47.573,0.01
2026-02-26 15:37:47.586,-0.01
2026-02-26 15:37:47.599,0.01
2026-02-26 15:37:47.613,-0.01
2026-02-26 15:37:47.625,0.0
2026-02-26 15:37:47.639,0.0
2026-02-26 15:37:47.653,-0.0
2026-02-26 15:37:47.666,-0.0
2026-02-26 15:37:47.679,0.01
2026-02-26 15:37:47.695,-0.01
2026-02-26 15:37:47.705,0.01
2026-02-26 15:37:47.719,-0.01
2026-02-26 15:37:47.733,0.0
2026-02-26 15:37:47.746,-0.0
2026-02-26 15:37:47.759,0.0
2026-02-26 15:37:47.773,-0.0
2026-02-26 15:37:47.785,0.0
2026-02-26 15:37:47.799,-0.0
2026-02-26 15:37:47.813,0.0
2026-02-26 15:37:47.826,-0.0
2026-02-26 15:37:47.839,0.0
2026-02-26 15:37:47.855,-0.0
2026-02-26 15:37:47.867,0.0
2026-02-26 15:37:47.879,0.0
2026-02-26 15:37:47.893,-0.0
2026-02-26 15:37:47.905,0.0
2026-02-26 15:37:47.919,0.0
2026-02-26 15:37:47.933,0.0
2026-02-26 15:37:47.946,-0.0
2026-02-26 15:37:47.959,-0.0
2026-02-26 15:37:47.973,0.01
2026-02-26 15:37:47.986,-0.01
2026-02-26 15:37:47.999,-0.0
2026-02-26 15:37:48.015,0.0
2026-02-26 15:37:48.027,-0.0
2026-02-26 15:37:48.039,-0.0
2026-02-26 15:37:48.053,0.0
2026-02-26 15:37:48.066,-0.01
2026-02-26 15:37:48.079,0.01
2026-02-26 15:37:48.093,-0.0
2026-02-26 15:37:48.106,-0.0
2026-02-26 15:37:48.119,-0.0
2026-02-26 15:37:48.133,0.0
2026-02-26 15:37:48.146,-0.0
2026-02-26 15:37:48.162,0.01
2026-02-26 15:37:48.173,-0.01
2026-02-26 15:37:48.185,0.0
2026-02-26 15:37:48.199,0.01
2026-02-26 15:37:48.213,-0.01
2026-02-26 15:37:48.225,0.01
2026-02-26 15:37:48.239,-0.01
2026-02-26 15:37:48.253,0.0
2026-02-26 15:37:48.265,0.0
2026-02-26 15:37:48.279,-0.0
2026-02-26 15:37:48.293,-0.0
2026-02-26 15:37:48.308,0.0
2026-02-26 15:37:48.322,0.0
2026-02-26 15:37:48.333,-0.0
2026-02-26 15:37:48.346,-0.0
2026-02-26 15:37:48.359,0.0
2026-02-26 15:37:48.373,0.0
2026-02-26 15:37:48.386,-0.0
2026-02-26 15:37:48.399,0.0
2026-02-26 15:37:48.413,-0.01
2026-02-26 15:37:48.425,0.01
2026-02-26 15:37:48.439,0.0
2026-02-26 15:37:48.453,-0.01
2026-02-26 15:37:48.465,0.0
2026-02-26 15:37:48.479,-0.0
2026-02-26 15:37:48.493,0.0
2026-02-26 15:37:48.508,0.0
2026-02-26 15:37:48.521,-0.0
2026-02-26 15:37:48.533,0.0
2026-02-26 15:37:48.545,0.0
2026-02-26 15:37:48.559,-0.01
2026-02-26 15:37:48.573,0.01
2026-02-26 15:37:48.586,-0.0
2026-02-26 15:37:48.599,0.0
2026-02-26 15:37:48.615,-0.0
2026-02-26 15:37:48.625,0.0
2026-02-26 15:37:48.639,-0.01
2026-02-26 15:37:48.653,0.01
2026-02-26 15:37:48.665,-0.01
2026-02-26 15:37:48.679,0.0
2026-02-26 15:37:48.693,-0.0
2026-02-26 15:37:48.705,0.01
2026-02-26 15:37:48.719,-0.01
2026-02-26 15:37:48.733,0.0
2026-02-26 15:37:48.746,-0.0
2026-02-26 15:37:48.759,0.0
2026-02-26 15:37:48.775,0.01
2026-02-26 15:37:48.789,-0.0
2026-02-26 15:37:48.799,-0.01
2026-02-26 15:37:48.813,0.01
2026-02-26 15:37:48.826,-0.0
2026-02-26 15:37:48.839,0.0
2026-02-26 15:37:48.853,-0.0
2026-02-26 15:37:48.865,0.01
2026-02-26 15:37:48.879,-0.01
2026-02-26 15:37:48.893,0.01
2026-02-26 15:37:48.909,-0.01
2026-02-26 15:37:48.922,0.01
2026-02-26 15:37:48.933,-0.01
2026-02-26 15:37:48.945,0.01
2026-02-26 15:37:48.959,-0.01
2026-02-26 15:37:48.973,0.01
2026-02-26 15:37:48.986,-0.01
2026-02-26 15:37:48.999,0.01
2026-02-26 15:37:49.013,0.0
2026-02-26 15:37:49.026,-0.0
2026-02-26 15:37:49.039,-0.02
2026-02-26 15:37:49.053,0.02
2026-02-26 15:37:49.065,-0.01
2026-02-26 15:37:49.079,0.01
2026-02-26 15:37:49.095,-0.01
2026-02-26 15:37:49.109,-0.01
2026-02-26 15:37:49.119,-0.01
2026-02-26 15:37:49.133,0.05
2026-02-26 15:37:49.146,-0.06
2026-02-26 15:37:49.159,0.02
2026-02-26 15:37:49.173,0.01
2026-02-26 15:37:49.185,-0.01
2026-02-26 15:37:49.199,-0.0
2026-02-26 15:37:49.213,0.02
2026-02-26 15:37:49.226,-0.01
2026-02-26 15:37:49.239,0.0
2026-02-26 15:37:49.253,0.0
2026-02-26 15:37:49.265,0.0
2026-02-26 15:37:49.279,-0.01
2026-02-26 15:37:49.295,0.01
2026-02-26 15:37:49.308,0.0
2026-02-26 15:37:49.319,0.0
2026-02-26 15:37:49.333,-0.02
2026-02-26 15:37:49.345,0.01
2026-02-26 15:37:49.359,0.01
2026-02-26 15:37:49.373,-0.01
2026-02-26 15:37:49.386,-0.0
2026-02-26 15:37:49.399,0.02
2026-02-26 15:37:49.413,-0.02
2026-02-26 15:37:49.425,0.0
2026-02-26 15:37:49.439,0.01
2026-02-26 15:37:49.453,0.0
2026-02-26 15:37:49.466,-0.02
2026-02-26 15:37:49.482,0.02
2026-02-26 15:37:49.493,-0.01
2026-02-26 15:37:49.506,-0.01
2026-02-26 15:37:49.519,0.0
2026-02-26 15:37:49.533,0.0
2026-02-26 15:37:49.546,-0.01
2026-02-26 15:37:49.559,0.01
2026-02-26 15:37:49.573,-0.0
2026-02-26 15:37:49.586,-0.0
2026-02-26 15:37:49.599,0.0
2026-02-26 15:37:49.613,0.01
2026-02-26 15:37:49.626,-0.01
2026-02-26 15:37:49.639,0.0
2026-02-26 15:37:49.653,-0.01
2026-02-26 15:37:49.665,0.02
2026-02-26 15:37:49.682,-0.02
2026-02-26 15:37:49.693,0.01
2026-02-26 15:37:49.706,-0.0
2026-02-26 15:37:49.719,0.01
2026-02-26 15:37:49.733,-0.02
2026-02-26 15:37:49.745,0.01
2026-02-26 15:37:49.759,-0.0
2026-02-26 15:37:49.773,0.0
2026-02-26 15:37:49.786,-0.01
2026-02-26 15:37:49.799,0.02
2026-02-26 15:37:49.813,-0.01
2026-02-26 15:37:49.825,0.0
2026-02-26 15:37:49.842,-0.01
2026-02-26 15:37:49.855,0.02
2026-02-26 15:37:49.866,-0.03
2026-02-26 15:37:49.879,0.02
2026-02-26 15:37:49.893,-0.01
2026-02-26 15:37:49.905,0.0
2026-02-26 15:37:49.919,0.0
2026-02-26 15:37:49.933,-0.0
2026-02-26 15:37:49.946,-0.01
2026-02-26 15:37:49.959,0.01
2026-02-26 15:37:49.973,-0.01
2026-02-26 15:37:49.986,-0.0
2026-02-26 15:37:49.999,0.0
2026-02-26 15:37:50.015,0.01
2026-02-26 15:37:50.026,-0.02
2026-02-26 15:37:50.039,0.01
2026-02-26 15:37:50.053,-0.0
2026-02-26 15:37:50.065,0.01
2026-02-26 15:37:50.079,-0.02
2026-02-26 15:37:50.093,0.01
2026-02-26 15:37:50.105,0.0
2026-02-26 15:37:50.119,-0.0
2026-02-26 15:37:50.133,-0.01
2026-02-26 15:37:50.145,0.01
2026-02-26 15:37:50.159,-0.02
2026-02-26 15:37:50.173,0.01
2026-02-26 15:37:50.185,-0.01
2026-02-26 15:37:50.202,0.01
2026-02-26 15:37:50.213,-0.02
2026-02-26 15:37:50.225,0.01
2026-02-26 15:37:50.239,-0.0
2026-02-26 15:37:50.253,-0.01
2026-02-26 15:37:50.265,0.01
2026-02-26 15:37:50.279,-0.01
2026-02-26 15:37:50.293,0.01
2026-02-26 15:37:50.305,0.0
2026-02-26 15:37:50.319,-0.0
2026-02-26 15:37:50.333,-0.0
2026-02-26 15:37:50.345,-0.0
2026-02-26 15:37:50.359,0.03
2026-02-26 15:37:50.373,-0.03
2026-02-26 15:37:50.385,-0.0
2026-02-26 15:37:50.402,0.03
2026-02-26 15:37:50.415,-0.02
2026-02-26 15:37:50.425,-0.01
2026-02-26 15:37:50.439,0.02
2026-02-26 15:37:50.453,-0.01
2026-02-26 15:37:50.465,-0.01
2026-02-26 15:37:50.479,0.01
2026-02-26 15:37:50.493,-0.01
2026-02-26 15:37:50.505,0.01
2026-02-26 15:37:50.519,-0.02
2026-02-26 15:37:50.533,0.02
2026-02-26 15:37:50.548,-0.01
2026-02-26 15:37:50.562,0.0
2026-02-26 15:37:50.573,-0.0
2026-02-26 15:37:50.585,0.01
2026-02-26 15:37:50.599,-0.0
2026-02-26 15:37:50.613,-0.0
2026-02-26 15:37:50.625,-0.0
2026-02-26 15:37:50.639,0.0
2026-02-26 15:37:50.653,-0.0
2026-02-26 15:37:50.665,0.0
2026-02-26 15:37:50.679,-0.0
2026-02-26 15:37:50.693,-0.01
2026-02-26 15:37:50.705,0.01
2026-02-26 15:37:50.719,0.0
2026-02-26 15:37:50.733,-0.01
2026-02-26 15:37:50.745,0.0
2026-02-26 15:37:50.762,0.01
2026-02-26 15:37:50.773,-0.0
2026-02-26 15:37:50.785,-0.01
2026-02-26 15:37:50.802,0.01
2026-02-26 15:37:50.815,-0.0
2026-02-26 15:37:50.825,-0.0
2026-02-26 15:37:50.839,0.01
2026-02-26 15:37:50.853,-0.02
2026-02-26 15:37:50.865,0.01
2026-02-26 15:37:50.879,0.0
2026-02-26 15:37:50.893,-0.01
2026-02-26 15:37:50.905,0.01
2026-02-26 15:37:50.919,-0.0
2026-02-26 15:37:50.933,-0.0
2026-02-26 15:37:50.945,0.01
2026-02-26 15:37:50.959,-0.0
2026-02-26 15:37:50.973,-0.0
2026-02-26 15:37:50.985,-0.0
2026-02-26 15:37:51.002,0.01
2026-02-26 15:37:51.015,-0.01
2026-02-26 15:37:51.025,-0.0
2026-02-26 15:37:51.039,-0.0
2026-02-26 15:37:51.053,0.01
2026-02-26 15:37:51.065,-0.01
2026-02-26 15:37:51.079,0.01
2026-02-26 15:37:51.093,-0.01
2026-02-26 15:37:51.105,0.01
2026-02-26 15:37:51.119,-0.01
2026-02-26 15:37:51.133,0.01
2026-02-26 15:37:51.145,-0.0
2026-02-26 15:37:51.159,0.01
2026-02-26 15:37:51.173,-0.01
2026-02-26 15:37:51.185,0.0
2026-02-26 15:37:51.202,0.01
2026-02-26 15:37:51.215,-0.01
2026-02-26 15:37:51.225,-0.0
2026-02-26 15:37:51.239,0.02
2026-02-26 15:37:51.253,-0.02
2026-02-26 15:37:51.265,0.01
2026-02-26 15:37:51.279,-0.01
2026-02-26 15:37:51.293,0.01
2026-02-26 15:37:51.305,-0.02
2026-02-26 15:37:51.319,0.02
2026-02-26 15:37:51.333,-0.01
2026-02-26 15:37:51.345,-0.0
2026-02-26 15:37:51.359,-0.01
2026-02-26 15:37:51.373,0.02
2026-02-26 15:37:51.385,-0.02
2026-02-26 15:37:51.399,0.01
2026-02-26 15:37:51.415,-0.01
2026-02-26 15:37:51.425,0.0
2026-02-26 15:37:51.439,-0.0
2026-02-26 15:37:51.453,0.01
2026-02-26 15:37:51.465,-0.01
2026-02-26 15:37:51.479,0.01
2026-02-26 15:37:51.493,-0.01
2026-02-26 15:37:51.505,0.01
2026-02-26 15:37:51.519,-0.01
2026-02-26 15:37:51.533,0.01
2026-02-26 15:37:51.545,-0.01
2026-02-26 15:37:51.559,0.01
2026-02-26 15:37:51.573,-0.02
2026-02-26 15:37:51.585,0.02
2026-02-26 15:37:51.602,-0.01
2026-02-26 15:37:51.615,0.0
2026-02-26 15:37:51.625,0.0
2026-02-26 15:37:51.639,-0.0
2026-02-26 15:37:51.653,-0.01
2026-02-26 15:37:51.665,0.01
2026-02-26 15:37:51.679,-0.01
2026-02-26 15:37:51.693,0.01
2026-02-26 15:37:51.705,-0.01
2026-02-26 15:37:51.719,0.02
2026-02-26 15:37:51.733,-0.02
2026-02-26 15:37:51.748,0.02
2026-02-26 15:37:51.761,-0.01
2026-02-26 15:37:51.775,0.01
2026-02-26 15:37:51.788,-0.0
2026-02-26 15:37:51.800,0.0
2026-02-26 15:37:51.812,-0.01
2026-02-26 15:37:51.826,0.01
2026-02-26 15:37:51.840,-0.01
2026-02-26 15:37:51.852,0.01
2026-02-26 15:37:51.866,-0.01
2026-02-26 15:37:51.880,0.02
2026-02-26 15:37:51.892,-0.01
2026-02-26 15:37:51.906,0.01
2026-02-26 15:37:51.920,-0.0
2026-02-26 15:37:51.932,-0.0
2026-02-26 15:37:51.946,-0.0
2026-02-26 15:37:51.960,0.01
2026-02-26 15:37:51.972,-0.0
2026-02-26 15:37:51.988,-0.0
2026-02-26 15:37:52.000,0.0
2026-02-26 15:37:52.013,0.0
2026-02-26 15:37:52.025,-0.0
2026-02-26 15:37:52.039,0.0
2026-02-26 15:37:52.053,-0.02
2026-02-26 15:37:52.065,0.01
2026-02-26 15:37:52.079,-0.0
2026-02-26 15:37:52.093,0.0
2026-02-26 15:37:52.105,0.0
2026-02-26 15:37:52.119,-0.01
2026-02-26 15:37:52.133,0.01
2026-02-26 15:37:52.145,-0.0
2026-02-26 15:37:52.159,0.0
2026-02-26 15:37:52.175,-0.0
2026-02-26 15:37:52.187,0.0
2026-02-26 15:37:52.199,-0.01
2026-02-26 15:37:52.213,0.0
2026-02-26 15:37:52.225,-0.0
2026-02-26 15:37:52.239,0.01
2026-02-26 15:37:52.253,-0.01
2026-02-26 15:37:52.265,0.01
2026-02-26 15:37:52.279,-0.01
2026-02-26 15:37:52.293,0.01
2026-02-26 15:37:52.305,-0.01
2026-02-26 15:37:52.322,-0.0
2026-02-26 15:37:52.333,-0.0
2026-02-26 15:37:52.345,0.01
2026-02-26 15:37:52.359,-0.01
2026-02-26 15:37:52.373,0.01
2026-02-26 15:37:52.385,-0.0
2026-02-26 15:37:52.399,-0.0
2026-02-26 15:37:52.413,-0.0
2026-02-26 15:37:52.425,0.01
2026-02-26 15:37:52.439,-0.0
2026-02-26 15:37:52.453,-0.0
2026-02-26 15:37:52.465,0.01
2026-02-26 15:37:52.479,0.0
2026-02-26 15:37:52.493,-0.01
2026-02-26 15:37:52.508,0.01
2026-02-26 15:37:52.522,-0.01
2026-02-26 15:37:52.533,0.0
2026-02-26 15:37:52.545,-0.0
2026-02-26 15:37:52.559,0.0
2026-02-26 15:37:52.573,0.0
2026-02-26 15:37:52.585,-0.0
2026-02-26 15:37:52.599,-0.0
2026-02-26 15:37:52.613,0.0
2026-02-26 15:37:52.625,0.0
2026-02-26 15:37:52.639,-0.0
2026-02-26 15:37:52.653,0.0
2026-02-26 15:37:52.665,0.01
2026-02-26 15:37:52.679,-0.01
2026-02-26 15:37:52.693,0.01
2026-02-26 15:37:52.708,-0.01
2026-02-26 15:37:52.722,0.01
2026-02-26 15:37:52.733,-0.0
2026-02-26 15:37:52.745,0.0
2026-02-26 15:37:52.759,-0.01
2026-02-26 15:37:52.773,0.01
2026-02-26 15:37:52.785,-0.01
2026-02-26 15:37:52.799,0.0
2026-02-26 15:37:52.813,-0.0
2026-02-26 15:37:52.825,0.0
2026-02-26 15:37:52.839,-0.0
2026-02-26 15:37:52.853,0.0
2026-02-26 15:37:52.865,-0.0
2026-02-26 15:37:52.879,-0.0
2026-02-26 15:37:52.893,0.0
2026-02-26 15:37:52.905,0.0
2026-02-26 15:37:52.922,-0.0
2026-02-26 15:37:52.933,0.01
2026-02-26 15:37:52.945,-0.01
2026-02-26 15:37:52.959,0.0
2026-02-26 15:37:52.973,-0.0
2026-02-26 15:37:52.985,0.0
2026-02-26 15:37:52.999,-0.0
2026-02-26 15:37:53.013,0.0
2026-02-26 15:37:53.025,-0.0
2026-02-26 15:37:53.039,-0.0
2026-02-26 15:37:53.053,0.0
2026-02-26 15:37:53.065,0.0
2026-02-26 15:37:53.079,-0.0
2026-02-26 15:37:53.095,-0.0
2026-02-26 15:37:53.107,0.0
2026-02-26 15:37:53.119,0.0
2026-02-26 15:37:53.133,0.0
2026-02-26 15:37:53.145,0.0
2026-02-26 15:37:53.159,-0.01
2026-02-26 15:37:53.173,0.01
2026-02-26 15:37:53.185,-0.01
2026-02-26 15:37:53.199,-0.0
2026-02-26 15:37:53.213,0.0
2026-02-26 15:37:53.225,0.0
2026-02-26 15:37:53.239,-0.0
2026-02-26 15:37:53.255,0.0
2026-02-26 15:37:53.267,-0.0
2026-02-26 15:37:53.279,0.0
2026-02-26 15:37:53.293,-0.0
2026-02-26 15:37:53.305,0.0
2026-02-26 15:37:53.319,-0.0
2026-02-26 15:37:53.333,0.0
2026-02-26 15:37:53.345,-0.0
2026-02-26 15:37:53.359,0.0
2026-02-26 15:37:53.373,0.0
2026-02-26 15:37:53.385,0.0
2026-02-26 15:37:53.399,0.0
2026-02-26 15:37:53.415,-0.0
2026-02-26 15:37:53.428,0.01
2026-02-26 15:37:53.439,-0.0
2026-02-26 15:37:53.453,-0.0
2026-02-26 15:37:53.465,-0.01
2026-02-26 15:37:53.479,0.01
2026-02-26 15:37:53.493,0.0
2026-02-26 15:37:53.505,-0.01
2026-02-26 15:37:53.519,0.0
2026-02-26 15:37:53.533,0.0
2026-02-26 15:37:53.545,-0.0
2026-02-26 15:37:53.559,0.0
2026-02-26 15:37:53.573,0.0
2026-02-26 15:37:53.585,-0.0
2026-02-26 15:37:53.602,-0.0
2026-02-26 15:37:53.615,0.01
2026-02-26 15:37:53.625,-0.0
2026-02-26 15:37:53.639,-0.0
2026-02-26 15:37:53.653,0.0
2026-02-26 15:37:53.665,-0.0
2026-02-26 15:37:53.679,0.0
2026-02-26 15:37:53.693,-0.0
2026-02-26 15:37:53.705,0.01
2026-02-26 15:37:53.719,-0.01
2026-02-26 15:37:53.733,0.01
2026-02-26 15:37:53.748,0.0
2026-02-26 15:37:53.759,-0.01
2026-02-26 15:37:53.773,0.01
2026-02-26 15:37:53.785,-0.01
2026-02-26 15:37:53.799,0.0
2026-02-26 15:37:53.813,-0.01
2026-02-26 15:37:53.825,0.02
2026-02-26 15:37:53.839,-0.02
2026-02-26 15:37:53.853,0.01
2026-02-26 15:37:53.865,0.01
2026-02-26 15:37:53.879,-0.02
2026-02-26 15:37:53.893,0.01
2026-02-26 15:37:53.908,0.0
2026-02-26 15:37:53.921,-0.01
2026-02-26 15:37:53.935,0.01
2026-02-26 15:37:53.948,0.0
2026-02-26 15:37:53.960,-0.0
2026-02-26 15:37:53.972,0.0
2026-02-26 15:37:53.986,-0.0
2026-02-26 15:37:54.000,0.0
2026-02-26 15:37:54.012,-0.0
2026-02-26 15:37:54.026,0.01
2026-02-26 15:37:54.040,-0.01
2026-02-26 15:37:54.052,0.0
2026-02-26 15:37:54.066,0.01
2026-02-26 15:37:54.080,-0.01
2026-02-26 15:37:54.092,0.0
2026-02-26 15:37:54.106,0.01
2026-02-26 15:37:54.122,-0.01
2026-02-26 15:37:54.132,0.01
2026-02-26 15:37:54.146,-0.01
2026-02-26 15:37:54.160,0.01
2026-02-26 15:37:54.172,0.01
2026-02-26 15:37:54.186,-0.01
2026-02-26 15:37:54.200,0.0
2026-02-26 15:37:54.212,0.0
2026-02-26 15:37:54.226,-0.0
2026-02-26 15:37:54.242,-0.0
2026-02-26 15:37:54.252,-0.0
2026-02-26 15:37:54.266,0.0
2026-02-26 15:37:54.280,0.01
2026-02-26 15:37:54.292,-0.01
2026-02-26 15:37:54.306,0.0
2026-02-26 15:37:54.320,0.01
2026-02-26 15:37:54.332,-0.01
2026-02-26 15:37:54.346,-0.0
2026-02-26 15:37:54.360,0.01
2026-02-26 15:37:54.372,0.0
2026-02-26 15:37:54.386,-0.02
2026-02-26 15:37:54.400,0.02
2026-02-26 15:37:54.412,-0.02
2026-02-26 15:37:54.428,0.0
2026-02-26 15:37:54.442,0.01
2026-02-26 15:37:54.452,-0.0
2026-02-26 15:37:54.466,-0.0
2026-02-26 15:37:54.480,-0.0
2026-02-26 15:37:54.492,0.01
2026-02-26 15:37:54.506,-0.01
2026-02-26 15:37:54.520,-0.0
2026-02-26 15:37:54.532,0.0
2026-02-26 15:37:54.546,-0.0
2026-02-26 15:37:54.560,0.0
2026-02-26 15:37:54.573,-0.0
2026-02-26 15:37:54.585,-0.0
2026-02-26 15:37:54.599,0.01
2026-02-26 15:37:54.613,-0.0
2026-02-26 15:37:54.625,-0.0
2026-02-26 15:37:54.642,0.01
2026-02-26 15:37:54.653,-0.01
2026-02-26 15:37:54.665,0.0
2026-02-26 15:37:54.679,0.0
2026-02-26 15:37:54.693,-0.0
2026-02-26 15:37:54.705,-0.0
2026-02-26 15:37:54.719,-0.0
2026-02-26 15:37:54.733,0.01
2026-02-26 15:37:54.745,-0.0
2026-02-26 15:37:54.759,0.0
2026-02-26 15:37:54.773,0.01
2026-02-26 15:37:54.785,-0.01
2026-02-26 15:37:54.802,-0.0
2026-02-26 15:37:54.813,-0.01
2026-02-26 15:37:54.825,0.03
2026-02-26 15:37:54.842,-0.04
2026-02-26 15:37:54.855,0.03
2026-02-26 15:37:54.865,-0.01
2026-02-26 15:37:54.879,0.0
2026-02-26 15:37:54.893,-0.0
2026-02-26 15:37:54.905,0.0
2026-02-26 15:37:54.919,-0.0
2026-02-26 15:37:54.933,0.0
2026-02-26 15:37:54.945,-0.0
2026-02-26 15:37:54.959,0.01
2026-02-26 15:37:54.973,-0.01
2026-02-26 15:37:54.985,0.01
2026-02-26 15:37:54.999,-0.0
2026-02-26 15:37:55.013,-0.0
2026-02-26 15:37:55.025,0.0
2026-02-26 15:37:55.039,0.0
2026-02-26 15:37:55.055,-0.0
2026-02-26 15:37:55.065,0.01
2026-02-26 15:37:55.079,-0.02
2026-02-26 15:37:55.093,0.0
2026-02-26 15:37:55.105,0.0
2026-02-26 15:37:55.119,0.0
2026-02-26 15:37:55.133,-0.01
2026-02-26 15:37:55.145,0.01
2026-02-26 15:37:55.159,-0.01
2026-02-26 15:37:55.173,0.0
2026-02-26 15:37:55.185,-0.0
2026-02-26 15:37:55.199,0.01
2026-02-26 15:37:55.215,-0.01
2026-02-26 15:37:55.228,0.01
2026-02-26 15:37:55.239,-0.01
2026-02-26 15:37:55.253,-0.0
2026-02-26 15:37:55.265,0.0
2026-02-26 15:37:55.279,0.0
2026-02-26 15:37:55.293,-0.01
2026-02-26 15:37:55.305,0.01
2026-02-26 15:37:55.319,-0.0
2026-02-26 15:37:55.333,-0.0
2026-02-26 15:37:55.345,-0.0
2026-02-26 15:37:55.359,0.01
2026-02-26 15:37:55.373,-0.01
2026-02-26 15:37:55.385,0.0
2026-02-26 15:37:55.399,0.01
2026-02-26 15:37:55.413,-0.01
2026-02-26 15:37:55.428,-0.0
2026-02-26 15:37:55.439,0.01
2026-02-26 15:37:55.453,-0.01
2026-02-26 15:37:55.465,0.01
2026-02-26 15:37:55.479,-0.0
2026-02-26 15:37:55.493,0.0
2026-02-26 15:37:55.505,-0.0
2026-02-26 15:37:55.519,0.0
2026-02-26 15:37:55.533,-0.0
2026-02-26 15:37:55.545,0.01
2026-02-26 15:37:55.559,-0.01
2026-02-26 15:37:55.573,0.0
2026-02-26 15:37:55.585,0.0
2026-02-26 15:37:55.599,0.0
2026-02-26 15:37:55.613,-0.01
2026-02-26 15:37:55.628,0.0
2026-02-26 15:37:55.639,0.0
2026-02-26 15:37:55.653,0.0
2026-02-26 15:37:55.665,-0.01
2026-02-26 15:37:55.679,0.02
2026-02-26 15:37:55.693,-0.01
2026-02-26 15:37:55.705,0.01
2026-02-26 15:37:55.719,-0.01
2026-02-26 15:37:55.733,0.01
2026-02-26 15:37:55.745,-0.0
2026-02-26 15:37:55.759,0.0
2026-02-26 15:37:55.773,-0.01
2026-02-26 15:37:55.785,0.01
2026-02-26 15:37:55.799,-0.01
2026-02-26 15:37:55.813,0.01
2026-02-26 15:37:55.828,-0.01
2026-02-26 15:37:55.839,0.02
2026-02-26 15:37:55.853,-0.01
2026-02-26 15:37:55.865,0.01
2026-02-26 15:37:55.879,-0.0
2026-02-26 15:37:55.893,0.0
2026-02-26 15:37:55.905,-0.0
2026-02-26 15:37:55.919,0.0
2026-02-26 15:37:55.933,-0.0
2026-02-26 15:37:55.945,0.01
2026-02-26 15:37:55.959,-0.01
2026-02-26 15:37:55.975,0.01
2026-02-26 15:37:55.987,-0.01
2026-02-26 15:37:56.002,0.01
2026-02-26 15:37:56.015,-0.01
2026-02-26 15:37:56.026,0.01
2026-02-26 15:37:56.040,-0.01
2026-02-26 15:37:56.052,0.01
2026-02-26 15:37:56.066,-0.01
2026-02-26 15:37:56.079,0.02
2026-02-26 15:37:56.092,-0.02
2026-02-26 15:37:56.106,0.01
2026-02-26 15:37:56.120,-0.01
2026-02-26 15:37:56.132,0.02
2026-02-26 15:37:56.146,-0.02
2026-02-26 15:37:56.159,0.02
2026-02-26 15:37:56.172,-0.01
2026-02-26 15:37:56.186,0.01
2026-02-26 15:37:56.202,-0.01
2026-02-26 15:37:56.215,0.01
2026-02-26 15:37:56.226,-0.01
2026-02-26 15:37:56.239,0.01
2026-02-26 15:37:56.252,-0.0
2026-02-26 15:37:56.266,0.0
2026-02-26 15:37:56.280,-0.01
2026-02-26 15:37:56.292,0.02
2026-02-26 15:37:56.306,-0.01
2026-02-26 15:37:56.320,-0.0
2026-02-26 15:37:56.332,-0.0
2026-02-26 15:37:56.346,-0.0
2026-02-26 15:37:56.359,0.01
2026-02-26 15:37:56.372,-0.0
2026-02-26 15:37:56.388,-0.01
2026-02-26 15:37:56.402,0.01
2026-02-26 15:37:56.412,0.0
2026-02-26 15:37:56.426,-0.0
2026-02-26 15:37:56.439,0.01
2026-02-26 15:37:56.452,-0.0
2026-02-26 15:37:56.466,0.0
2026-02-26 15:37:56.480,-0.0
2026-02-26 15:37:56.492,-0.0
2026-02-26 15:37:56.506,0.0
2026-02-26 15:37:56.520,-0.0
2026-02-26 15:37:56.532,0.01
2026-02-26 15:37:56.546,-0.0
2026-02-26 15:37:56.559,0.0
2026-02-26 15:37:56.572,0.0
2026-02-26 15:37:56.586,-0.0
2026-02-26 15:37:56.602,0.01
2026-02-26 15:37:56.612,-0.01
2026-02-26 15:37:56.626,0.0
2026-02-26 15:37:56.639,0.0
2026-02-26 15:37:56.652,-0.0
2026-02-26 15:37:56.666,0.0
2026-02-26 15:37:56.680,-0.01
2026-02-26 15:37:56.692,0.02
2026-02-26 15:37:56.706,-0.02
2026-02-26 15:37:56.720,-0.0
2026-02-26 15:37:56.732,0.01
2026-02-26 15:37:56.746,-0.0
2026-02-26 15:37:56.759,0.0
2026-02-26 15:37:56.772,-0.0
2026-02-26 15:37:56.786,0.0
2026-02-26 15:37:56.802,0.0
2026-02-26 15:37:56.812,0.0
2026-02-26 15:37:56.826,-0.01
2026-02-26 15:37:56.839,0.01
2026-02-26 15:37:56.852,0.0
2026-02-26 15:37:56.866,-0.01
2026-02-26 15:37:56.879,0.0
2026-02-26 15:37:56.892,-0.0
2026-02-26 15:37:56.906,0.0
2026-02-26 15:37:56.920,-0.01
2026-02-26 15:37:56.932,0.01
2026-02-26 15:37:56.946,-0.0
2026-02-26 15:37:56.960,-0.0
2026-02-26 15:37:56.975,-0.0
2026-02-26 15:37:56.988,0.0
2026-02-26 15:37:57.000,-0.0
2026-02-26 15:37:57.012,0.01
2026-02-26 15:37:57.026,-0.01
2026-02-26 15:37:57.039,0.01
2026-02-26 15:37:57.052,-0.01
2026-02-26 15:37:57.066,0.01
2026-02-26 15:37:57.080,-0.01
2026-02-26 15:37:57.092,0.0
2026-02-26 15:37:57.106,0.0
2026-02-26 15:37:57.120,-0.01
2026-02-26 15:37:57.133,0.01
2026-02-26 15:37:57.145,-0.01
2026-02-26 15:37:57.159,0.01
2026-02-26 15:37:57.175,-0.0
2026-02-26 15:37:57.185,-0.01
2026-02-26 15:37:57.199,0.0
2026-02-26 15:37:57.213,0.0
2026-02-26 15:37:57.225,-0.01
2026-02-26 15:37:57.239,0.0
2026-02-26 15:37:57.253,-0.0
2026-02-26 15:37:57.265,0.0
2026-02-26 15:37:57.279,-0.01
2026-02-26 15:37:57.293,0.01
2026-02-26 15:37:57.305,-0.0
2026-02-26 15:37:57.322,-0.0
2026-02-26 15:37:57.335,-0.0
2026-02-26 15:37:57.345,0.0
2026-02-26 15:37:57.359,0.0
2026-02-26 15:37:57.373,-0.01
2026-02-26 15:37:57.385,0.0
2026-02-26 15:37:57.399,0.0
2026-02-26 15:37:57.413,-0.0
2026-02-26 15:37:57.425,-0.0
2026-02-26 15:37:57.439,0.01
2026-02-26 15:37:57.453,-0.0
2026-02-26 15:37:57.465,0.0
2026-02-26 15:37:57.482,-0.0
2026-02-26 15:37:57.495,0.0
2026-02-26 15:37:57.505,-0.0
2026-02-26 15:37:57.519,0.01
2026-02-26 15:37:57.533,-0.0
2026-02-26 15:37:57.545,0.0
2026-02-26 15:37:57.559,-0.0
2026-02-26 15:37:57.573,0.01
2026-02-26 15:37:57.585,-0.01
2026-02-26 15:37:57.599,0.0
2026-02-26 15:37:57.613,0.0
2026-02-26 15:37:57.625,-0.01
2026-02-26 15:37:57.639,0.0
2026-02-26 15:37:57.653,0.0
2026-02-26 15:37:57.665,-0.0
2026-02-26 15:37:57.680,0.0
2026-02-26 15:37:57.695,-0.01
2026-02-26 15:37:57.705,0.02
2026-02-26 15:37:57.719,-0.02
2026-02-26 15:37:57.733,0.01
2026-02-26 15:37:57.745,-0.01
2026-02-26 15:37:57.759,0.01
2026-02-26 15:37:57.773,-0.02
2026-02-26 15:37:57.785,0.02
2026-02-26 15:37:57.799,-0.01
2026-02-26 15:37:57.813,0.01
2026-02-26 15:37:57.825,-0.01
2026-02-26 15:37:57.839,0.0
2026-02-26 15:37:57.853,-0.0
2026-02-26 15:37:57.865,0.01
2026-02-26 15:37:57.882,-0.0
2026-02-26 15:37:57.893,0.0
2026-02-26 15:37:57.905,-0.0
2026-02-26 15:37:57.919,0.01
2026-02-26 15:37:57.933,-0.01
2026-02-26 15:37:57.945,0.01
2026-02-26 15:37:57.959,-0.01
2026-02-26 15:37:57.973,0.01
2026-02-26 15:37:57.985,-0.01
2026-02-26 15:37:57.999,0.01
2026-02-26 15:37:58.013,-0.02
2026-02-26 15:37:58.028,0.01
2026-02-26 15:37:58.039,-0.01
2026-02-26 15:37:58.053,0.01
2026-02-26 15:37:58.065,-0.01
2026-02-26 15:37:58.079,0.01
2026-02-26 15:37:58.093,-0.01
2026-02-26 15:37:58.105,0.0
2026-02-26 15:37:58.119,-0.01
2026-02-26 15:37:58.133,0.02
2026-02-26 15:37:58.145,-0.01
2026-02-26 15:37:58.159,0.01
2026-02-26 15:37:58.173,-0.01
2026-02-26 15:37:58.188,0.02
2026-02-26 15:37:58.202,-0.02
2026-02-26 15:37:58.213,0.01
2026-02-26 15:37:58.225,-0.01
2026-02-26 15:37:58.239,0.01
2026-02-26 15:37:58.253,-0.02
2026-02-26 15:37:58.265,0.02
2026-02-26 15:37:58.279,-0.02
2026-02-26 15:37:58.293,0.02
2026-02-26 15:37:58.305,-0.02
2026-02-26 15:37:58.319,0.01
2026-02-26 15:37:58.333,-0.01
2026-02-26 15:37:58.345,0.01
2026-02-26 15:37:58.359,-0.02
2026-02-26 15:37:58.373,0.02
2026-02-26 15:37:58.385,-0.01
2026-02-26 15:37:58.402,0.01
2026-02-26 15:37:58.413,-0.02
2026-02-26 15:37:58.425,0.02
2026-02-26 15:37:58.439,-0.01
2026-02-26 15:37:58.453,0.0
2026-02-26 15:37:58.465,-0.0
2026-02-26 15:37:58.479,0.0
2026-02-26 15:37:58.493,-0.01
2026-02-26 15:37:58.505,0.02
2026-02-26 15:37:58.519,-0.01
2026-02-26 15:37:58.533,0.01
2026-02-26 15:37:58.545,-0.02
2026-02-26 15:37:58.559,0.02
2026-02-26 15:37:58.575,-0.02
2026-02-26 15:37:58.588,0.02
2026-02-26 15:37:58.599,-0.02
2026-02-26 15:37:58.613,0.02
2026-02-26 15:37:58.625,-0.02
2026-02-26 15:37:58.639,0.01
2026-02-26 15:37:58.653,-0.01
2026-02-26 15:37:58.665,0.01
2026-02-26 15:37:58.679,-0.01
2026-02-26 15:37:58.693,0.01
2026-02-26 15:37:58.705,-0.01
2026-02-26 15:37:58.719,0.01
2026-02-26 15:37:58.733,-0.01
2026-02-26 15:37:58.745,0.01
2026-02-26 15:37:58.759,-0.02
2026-02-26 15:37:58.775,0.02
2026-02-26 15:37:58.788,-0.02
2026-02-26 15:37:58.799,0.01
2026-02-26 15:37:58.813,-0.01
2026-02-26 15:37:58.825,0.01
2026-02-26 15:37:58.839,-0.01
2026-02-26 15:37:58.853,0.01
2026-02-26 15:37:58.865,-0.01
2026-02-26 15:37:58.879,0.01
2026-02-26 15:37:58.893,-0.01
2026-02-26 15:37:58.905,0.01
2026-02-26 15:37:58.919,-0.01
2026-02-26 15:37:58.933,0.01
2026-02-26 15:37:58.945,-0.01
2026-02-26 15:37:58.959,0.0
2026-02-26 15:37:58.975,-0.0
2026-02-26 15:37:58.985,0.0
2026-02-26 15:37:58.999,-0.0
2026-02-26 15:37:59.013,0.0
2026-02-26 15:37:59.025,-0.0
2026-02-26 15:37:59.039,0.0
2026-02-26 15:37:59.053,-0.0
2026-02-26 15:37:59.065,0.0
2026-02-26 15:37:59.079,-0.0
2026-02-26 15:37:59.093,0.0
2026-02-26 15:37:59.108,-0.0
2026-02-26 15:37:59.122,0.0
2026-02-26 15:37:59.133,-0.0
2026-02-26 15:37:59.145,0.0
2026-02-26 15:37:59.159,0.0
2026-02-26 15:37:59.173,-0.0
2026-02-26 15:37:59.185,0.01
2026-02-26 15:37:59.199,-0.01
2026-02-26 15:37:59.213,0.0
2026-02-26 15:37:59.225,0.0
2026-02-26 15:37:59.239,-0.01
2026-02-26 15:37:59.253,0.0
2026-02-26 15:37:59.265,0.0
2026-02-26 15:37:59.279,-0.0
2026-02-26 15:37:59.295,0.0
2026-02-26 15:37:59.305,0.0
2026-02-26 15:37:59.319,0.0
2026-02-26 15:37:59.333,-0.01
2026-02-26 15:37:59.345,0.01
2026-02-26 15:37:59.359,-0.01
2026-02-26 15:37:59.373,0.0
2026-02-26 15:37:59.385,-0.0
2026-02-26 15:37:59.399,0.01
2026-02-26 15:37:59.413,-0.01
2026-02-26 15:37:59.425,0.01
2026-02-26 15:37:59.439,-0.01
2026-02-26 15:37:59.453,0.01
2026-02-26 15:37:59.468,-0.01
2026-02-26 15:37:59.479,0.01
2026-02-26 15:37:59.493,-0.01
2026-02-26 15:37:59.505,0.01
2026-02-26 15:37:59.519,-0.01
2026-02-26 15:37:59.533,0.02
2026-02-26 15:37:59.545,-0.02
2026-02-26 15:37:59.559,0.01
2026-02-26 15:37:59.573,0.0
2026-02-26 15:37:59.585,-0.0
2026-02-26 15:37:59.599,-0.01
2026-02-26 15:37:59.613,0.02
2026-02-26 15:37:59.625,-0.02
2026-02-26 15:37:59.639,0.01
2026-02-26 15:37:59.653,-0.01
2026-02-26 15:37:59.668,0.01
2026-02-26 15:37:59.679,-0.01
2026-02-26 15:37:59.693,0.01
2026-02-26 15:37:59.705,-0.0
2026-02-26 15:37:59.719,0.01
2026-02-26 15:37:59.733,-0.01
2026-02-26 15:37:59.745,0.01
2026-02-26 15:37:59.759,-0.01
2026-02-26 15:37:59.773,0.01
2026-02-26 15:37:59.785,-0.01
2026-02-26 15:37:59.799,0.01
2026-02-26 15:37:59.813,-0.01
2026-02-26 15:37:59.825,0.01
2026-02-26 15:37:59.839,-0.01
2026-02-26 15:37:59.855,0.01
2026-02-26 15:37:59.865,-0.01
2026-02-26 15:37:59.879,0.0
2026-02-26 15:37:59.893,-0.0
2026-02-26 15:37:59.905,0.01
2026-02-26 15:37:59.919,-0.01
2026-02-26 15:37:59.933,0.01
2026-02-26 15:37:59.945,-0.01
2026-02-26 15:37:59.959,0.01
2026-02-26 15:37:59.973,-0.01
2026-02-26 15:37:59.985,0.01
2026-02-26 15:38:00.002,-0.0
2026-02-26 15:38:00.013,0.0
2026-02-26 15:38:00.025,-0.0
2026-02-26 15:38:00.042,0.0
2026-02-26 15:38:00.055,-0.0
2026-02-26 15:38:00.065,0.0
2026-02-26 15:38:00.079,0.0
2026-02-26 15:38:00.093,0.0
2026-02-26 15:38:00.105,-0.0
2026-02-26 15:38:00.119,0.0
2026-02-26 15:38:00.133,-0.0
2026-02-26 15:38:00.145,0.0
2026-02-26 15:38:00.159,-0.0
2026-02-26 15:38:00.173,0.0
2026-02-26 15:38:00.185,-0.0
2026-02-26 15:38:00.199,0.01
2026-02-26 15:38:00.213,-0.01
2026-02-26 15:38:00.225,0.01
2026-02-26 15:38:00.239,0.0
2026-02-26 15:38:00.255,-0.01
2026-02-26 15:38:00.265,0.0
2026-02-26 15:38:00.279,-0.0
2026-02-26 15:38:00.293,0.0
2026-02-26 15:38:00.305,-0.0
2026-02-26 15:38:00.319,-0.0
2026-02-26 15:38:00.333,0.0
2026-02-26 15:38:00.345,-0.0
2026-02-26 15:38:00.359,0.0
2026-02-26 15:38:00.373,0.0
2026-02-26 15:38:00.385,-0.0
2026-02-26 15:38:00.399,0.0
2026-02-26 15:38:00.413,0.01
2026-02-26 15:38:00.428,-0.01
2026-02-26 15:38:00.441,0.0
2026-02-26 15:38:00.453,0.01
2026-02-26 15:38:00.465,-0.01
2026-02-26 15:38:00.479,-0.0
2026-02-26 15:38:00.493,0.0
2026-02-26 15:38:00.505,-0.0
2026-02-26 15:38:00.519,-0.0
2026-02-26 15:38:00.533,0.0
2026-02-26 15:38:00.545,0.0
2026-02-26 15:38:00.559,-0.0
2026-02-26 15:38:00.573,0.0
2026-02-26 15:38:00.585,-0.0
2026-02-26 15:38:00.599,-0.0
2026-02-26 15:38:00.613,0.01
2026-02-26 15:38:00.628,-0.01
2026-02-26 15:38:00.641,0.0
2026-02-26 15:38:00.653,0.01
2026-02-26 15:38:00.665,-0.0
2026-02-26 15:38:00.679,-0.01
2026-02-26 15:38:00.693,0.01
2026-02-26 15:38:00.705,-0.0
2026-02-26 15:38:00.719,0.0
2026-02-26 15:38:00.733,0.0
2026-02-26 15:38:00.745,-0.0
2026-02-26 15:38:00.759,0.0
2026-02-26 15:38:00.773,0.0
2026-02-26 15:38:00.785,-0.0
2026-02-26 15:38:00.799,0.01
2026-02-26 15:38:00.813,-0.0
2026-02-26 15:38:00.825,-0.0
2026-02-26 15:38:00.842,-0.0
2026-02-26 15:38:00.853,0.01
2026-02-26 15:38:00.865,-0.02
2026-02-26 15:38:00.879,0.01
2026-02-26 15:38:00.893,-0.01
2026-02-26 15:38:00.905,0.0
2026-02-26 15:38:00.919,0.0
2026-02-26 15:38:00.933,0.0
2026-02-26 15:38:00.945,-0.01
2026-02-26 15:38:00.959,0.01
2026-02-26 15:38:00.973,-0.0
2026-02-26 15:38:00.985,0.02
2026-02-26 15:38:00.999,-0.03
2026-02-26 15:38:01.013,0.01
2026-02-26 15:38:01.028,0.02
2026-02-26 15:38:01.042,-0.01
2026-02-26 15:38:01.053,-0.01
2026-02-26 15:38:01.065,-0.0
2026-02-26 15:38:01.079,0.01
2026-02-26 15:38:01.093,0.0
2026-02-26 15:38:01.105,-0.01
2026-02-26 15:38:01.119,0.01
2026-02-26 15:38:01.133,-0.0
2026-02-26 15:38:01.145,0.0
2026-02-26 15:38:01.159,0.0
2026-02-26 15:38:01.173,-0.0
2026-02-26 15:38:01.185,-0.01
2026-02-26 15:38:01.199,0.01
2026-02-26 15:38:01.215,-0.01
2026-02-26 15:38:01.228,0.0
2026-02-26 15:38:01.239,0.0
2026-02-26 15:38:01.253,0.0
2026-02-26 15:38:01.265,-0.01
2026-02-26 15:38:01.279,0.01
2026-02-26 15:38:01.293,-0.01
2026-02-26 15:38:01.305,0.01
2026-02-26 15:38:01.319,-0.01
2026-02-26 15:38:01.333,0.01
2026-02-26 15:38:01.345,-0.01
2026-02-26 15:38:01.359,0.01
2026-02-26 15:38:01.373,-0.0
2026-02-26 15:38:01.385,0.0
2026-02-26 15:38:01.399,-0.01
2026-02-26 15:38:01.415,0.0
2026-02-26 15:38:01.425,-0.0
2026-02-26 15:38:01.439,0.0
2026-02-26 15:38:01.453,-0.01
2026-02-26 15:38:01.465,0.01
2026-02-26 15:38:01.479,-0.01
2026-02-26 15:38:01.493,0.0
2026-02-26 15:38:01.505,-0.0
2026-02-26 15:38:01.519,0.0
2026-02-26 15:38:01.533,-0.0
2026-02-26 15:38:01.545,0.0
2026-02-26 15:38:01.559,-0.0
2026-02-26 15:38:01.573,0.0
2026-02-26 15:38:01.585,-0.01
2026-02-26 15:38:01.601,0.01
2026-02-26 15:38:01.613,-0.0
2026-02-26 15:38:01.625,-0.0
2026-02-26 15:38:01.640,-0.0
2026-02-26 15:38:01.655,-0.0
2026-02-26 15:38:01.665,0.0
2026-02-26 15:38:01.679,0.0
2026-02-26 15:38:01.693,-0.01
2026-02-26 15:38:01.705,0.01
2026-02-26 15:38:01.719,-0.01
2026-02-26 15:38:01.733,0.01
2026-02-26 15:38:01.745,-0.01
2026-02-26 15:38:01.759,0.0
2026-02-26 15:38:01.773,-0.0
2026-02-26 15:38:01.785,0.01
2026-02-26 15:38:01.799,-0.01
2026-02-26 15:38:01.813,0.01
2026-02-26 15:38:01.825,-0.0
2026-02-26 15:38:01.841,0.0
2026-02-26 15:38:01.855,-0.0
2026-02-26 15:38:01.865,-0.0
2026-02-26 15:38:01.879,0.01
2026-02-26 15:38:01.893,-0.01
2026-02-26 15:38:01.905,-0.0
2026-02-26 15:38:01.919,0.01
2026-02-26 15:38:01.933,-0.0
2026-02-26 15:38:01.945,0.0
2026-02-26 15:38:01.959,-0.0
2026-02-26 15:38:01.975,0.01
2026-02-26 15:38:01.988,-0.01
2026-02-26 15:38:01.999,0.0
2026-02-26 15:38:02.013,0.0
2026-02-26 15:38:02.025,-0.0
2026-02-26 15:38:02.039,0.0
2026-02-26 15:38:02.053,0.01
2026-02-26 15:38:02.065,-0.01
2026-02-26 15:38:02.079,0.0
2026-02-26 15:38:02.093,0.0
2026-02-26 15:38:02.105,-0.0
2026-02-26 15:38:02.119,-0.0
2026-02-26 15:38:02.133,-0.0
2026-02-26 15:38:02.145,0.0
2026-02-26 15:38:02.159,-0.0
2026-02-26 15:38:02.175,0.0
2026-02-26 15:38:02.185,-0.01
2026-02-26 15:38:02.199,0.01
2026-02-26 15:38:02.213,-0.0
2026-02-26 15:38:02.225,-0.0
2026-02-26 15:38:02.239,-0.0
2026-02-26 15:38:02.253,0.0
2026-02-26 15:38:02.265,-0.0
2026-02-26 15:38:02.279,-0.0
2026-02-26 15:38:02.293,0.0
2026-02-26 15:38:02.305,0.0
2026-02-26 15:38:02.319,-0.0
2026-02-26 15:38:02.333,-0.0
2026-02-26 15:38:02.345,0.0
2026-02-26 15:38:02.362,-0.0
2026-02-26 15:38:02.375,0.0
2026-02-26 15:38:02.385,0.0
2026-02-26 15:38:02.399,-0.01
2026-02-26 15:38:02.413,0.01
2026-02-26 15:38:02.425,-0.0
2026-02-26 15:38:02.439,-0.0
2026-02-26 15:38:02.453,0.0
2026-02-26 15:38:02.465,0.0
2026-02-26 15:38:02.479,-0.0
2026-02-26 15:38:02.493,-0.0
2026-02-26 15:38:02.505,0.01
2026-02-26 15:38:02.519,-0.0
2026-02-26 15:38:02.533,-0.01
2026-02-26 15:38:02.545,0.01
2026-02-26 15:38:02.562,-0.0
2026-02-26 15:38:02.573,-0.0
2026-02-26 15:38:02.585,0.0
2026-02-26 15:38:02.599,-0.0
2026-02-26 15:38:02.613,0.0
2026-02-26 15:38:02.625,0.01
2026-02-26 15:38:02.639,-0.01
2026-02-26 15:38:02.653,0.0
2026-02-26 15:38:02.665,0.01
2026-02-26 15:38:02.679,-0.01
2026-02-26 15:38:02.693,0.01
2026-02-26 15:38:02.705,0.0
2026-02-26 15:38:02.719,-0.0
2026-02-26 15:38:02.733,0.0
2026-02-26 15:38:02.748,0.0
2026-02-26 15:38:02.759,-0.01
2026-02-26 15:38:02.773,0.01
2026-02-26 15:38:02.785,-0.01
2026-02-26 15:38:02.799,0.0
2026-02-26 15:38:02.813,-0.0
2026-02-26 15:38:02.825,0.01
2026-02-26 15:38:02.839,-0.01
2026-02-26 15:38:02.853,0.01
2026-02-26 15:38:02.865,-0.0
2026-02-26 15:38:02.879,-0.0
2026-02-26 15:38:02.895,0.0
2026-02-26 15:38:02.908,-0.0
2026-02-26 15:38:02.919,-0.0
2026-02-26 15:38:02.933,0.01
2026-02-26 15:38:02.945,-0.01
2026-02-26 15:38:02.959,0.0
2026-02-26 15:38:02.973,0.0
2026-02-26 15:38:02.985,0.0
2026-02-26 15:38:02.999,-0.0
2026-02-26 15:38:03.013,-0.0
2026-02-26 15:38:03.025,-0.0
2026-02-26 15:38:03.039,-0.0
2026-02-26 15:38:03.055,0.01
2026-02-26 15:38:03.068,-0.01
2026-02-26 15:38:03.079,0.0
2026-02-26 15:38:03.093,0.0
2026-02-26 15:38:03.105,-0.0
2026-02-26 15:38:03.119,0.01
2026-02-26 15:38:03.133,-0.0
2026-02-26 15:38:03.145,-0.0
2026-02-26 15:38:03.159,0.0
2026-02-26 15:38:03.173,-0.0
2026-02-26 15:38:03.185,0.0
2026-02-26 15:38:03.199,-0.0
2026-02-26 15:38:03.213,-0.0
2026-02-26 15:38:03.225,0.0
2026-02-26 15:38:03.239,0.0
2026-02-26 15:38:03.255,-0.01
2026-02-26 15:38:03.267,0.01
2026-02-26 15:38:03.282,-0.0
2026-02-26 15:38:03.295,-0.0
2026-02-26 15:38:03.306,-0.0
2026-02-26 15:38:03.318,0.01
2026-02-26 15:38:03.332,-0.01
2026-02-26 15:38:03.346,0.01
2026-02-26 15:38:03.359,-0.0
2026-02-26 15:38:03.372,0.0
2026-02-26 15:38:03.386,-0.0
2026-02-26 15:38:03.398,0.0
2026-02-26 15:38:03.412,-0.0
2026-02-26 15:38:03.426,0.0
2026-02-26 15:38:03.439,-0.01
2026-02-26 15:38:03.452,0.01
2026-02-26 15:38:03.466,0.0
2026-02-26 15:38:03.479,-0.0
2026-02-26 15:38:03.495,-0.0
2026-02-26 15:38:03.506,0.01
2026-02-26 15:38:03.519,-0.01
2026-02-26 15:38:03.535,0.0
2026-02-26 15:38:03.548,-0.0
2026-02-26 15:38:03.558,0.01
2026-02-26 15:38:03.572,-0.01
2026-02-26 15:38:03.586,0.01
2026-02-26 15:38:03.598,-0.0
2026-02-26 15:38:03.612,-0.01
2026-02-26 15:38:03.626,0.0
2026-02-26 15:38:03.638,0.01
2026-02-26 15:38:03.652,-0.0
2026-02-26 15:38:03.668,-0.01
2026-02-26 15:38:03.680,-0.01
2026-02-26 15:38:03.692,0.03
2026-02-26 15:38:03.706,-0.01
2026-02-26 15:38:03.718,-0.02
2026-02-26 15:38:03.732,0.02
2026-02-26 15:38:03.746,-0.01
2026-02-26 15:38:03.758,-0.0
2026-02-26 15:38:03.772,0.0
2026-02-26 15:38:03.786,-0.01
2026-02-26 15:38:03.798,0.0
2026-02-26 15:38:03.815,0.01
2026-02-26 15:38:03.826,-0.01
2026-02-26 15:38:03.838,0.01
2026-02-26 15:38:03.852,-0.0
2026-02-26 15:38:03.866,0.01
2026-02-26 15:38:03.878,-0.01
2026-02-26 15:38:03.892,0.01
2026-02-26 15:38:03.906,-0.0
2026-02-26 15:38:03.918,-0.01
2026-02-26 15:38:03.932,0.01
2026-02-26 15:38:03.946,-0.01
2026-02-26 15:38:03.958,-0.01
2026-02-26 15:38:03.972,0.02
2026-02-26 15:38:03.986,-0.01
2026-02-26 15:38:03.998,0.0
2026-02-26 15:38:04.015,-0.0
2026-02-26 15:38:04.026,0.02
2026-02-26 15:38:04.038,-0.02
2026-02-26 15:38:04.052,0.01
2026-02-26 15:38:04.066,-0.0
2026-02-26 15:38:04.078,-0.01
2026-02-26 15:38:04.092,0.01
2026-02-26 15:38:04.106,-0.01
2026-02-26 15:38:04.118,0.0
2026-02-26 15:38:04.132,0.01
2026-02-26 15:38:04.146,-0.02
2026-02-26 15:38:04.158,0.01
2026-02-26 15:38:04.172,-0.0
2026-02-26 15:38:04.186,0.0
2026-02-26 15:38:04.198,-0.01
2026-02-26 15:38:04.215,0.01
2026-02-26 15:38:04.226,-0.0
2026-02-26 15:38:04.238,-0.0
2026-02-26 15:38:04.252,0.01
2026-02-26 15:38:04.266,0.0
2026-02-26 15:38:04.278,-0.01
2026-02-26 15:38:04.292,0.01
2026-02-26 15:38:04.306,0.0
2026-02-26 15:38:04.318,-0.0
2026-02-26 15:38:04.332,-0.0
2026-02-26 15:38:04.346,0.0
2026-02-26 15:38:04.358,-0.01
2026-02-26 15:38:04.372,0.01
2026-02-26 15:38:04.386,-0.01
2026-02-26 15:38:04.398,0.02
2026-02-26 15:38:04.415,-0.01
2026-02-26 15:38:04.426,0.0
2026-02-26 15:38:04.438,-0.01
2026-02-26 15:38:04.452,0.02
2026-02-26 15:38:04.466,-0.02
2026-02-26 15:38:04.478,0.02
2026-02-26 15:38:04.492,-0.02
2026-02-26 15:38:04.506,0.02
2026-02-26 15:38:04.518,-0.01
2026-02-26 15:38:04.532,0.01
2026-02-26 15:38:04.546,-0.01
2026-02-26 15:38:04.558,0.01
2026-02-26 15:38:04.572,-0.01
2026-02-26 15:38:04.586,0.0
2026-02-26 15:38:04.601,0.0
2026-02-26 15:38:04.615,0.01
2026-02-26 15:38:04.626,-0.01
2026-02-26 15:38:04.638,0.01
2026-02-26 15:38:04.652,-0.0
2026-02-26 15:38:04.666,-0.0
2026-02-26 15:38:04.678,0.0
2026-02-26 15:38:04.692,-0.0
2026-02-26 15:38:04.706,-0.0
2026-02-26 15:38:04.718,0.0
2026-02-26 15:38:04.732,-0.0
2026-02-26 15:38:04.746,0.0
2026-02-26 15:38:04.758,-0.01
2026-02-26 15:38:04.772,0.01
2026-02-26 15:38:04.786,-0.01
2026-02-26 15:38:04.801,0.01
2026-02-26 15:38:04.815,0.0
2026-02-26 15:38:04.826,-0.01
2026-02-26 15:38:04.838,0.01
2026-02-26 15:38:04.852,-0.0
2026-02-26 15:38:04.866,-0.01
2026-02-26 15:38:04.878,0.0
2026-02-26 15:38:04.892,0.01
2026-02-26 15:38:04.906,-0.01
2026-02-26 15:38:04.918,0.01
2026-02-26 15:38:04.932,0.01
2026-02-26 15:38:04.946,-0.01
2026-02-26 15:38:04.958,-0.0
2026-02-26 15:38:04.972,0.02
2026-02-26 15:38:04.986,-0.01
2026-02-26 15:38:05.001,0.0
2026-02-26 15:38:05.015,0.01
2026-02-26 15:38:05.026,-0.0
2026-02-26 15:38:05.038,0.01
2026-02-26 15:38:05.052,-0.02
2026-02-26 15:38:05.066,0.01
2026-02-26 15:38:05.078,0.01
2026-02-26 15:38:05.092,-0.02
2026-02-26 15:38:05.106,-0.01
2026-02-26 15:38:05.118,0.03
2026-02-26 15:38:05.132,-0.01
2026-02-26 15:38:05.146,0.0
2026-02-26 15:38:05.158,-0.05
2026-02-26 15:38:05.172,0.11
2026-02-26 15:38:05.186,-0.09
2026-02-26 15:38:05.201,0.02
2026-02-26 15:38:05.215,0.02
2026-02-26 15:38:05.226,-0.03
2026-02-26 15:38:05.238,0.04
2026-02-26 15:38:05.252,-0.05
2026-02-26 15:38:05.266,0.07
2026-02-26 15:38:05.278,-0.06
2026-02-26 15:38:05.292,0.03
2026-02-26 15:38:05.306,-0.08
2026-02-26 15:38:05.318,0.12
2026-02-26 15:38:05.332,-0.02
2026-02-26 15:38:05.346,-0.1
2026-02-26 15:38:05.358,0.07
2026-02-26 15:38:05.372,0.01
2026-02-26 15:38:05.386,0.02
2026-02-26 15:38:05.398,-0.16
2026-02-26 15:38:05.415,0.18
2026-02-26 15:38:05.426,-0.02
2026-02-26 15:38:05.438,-0.08
2026-02-26 15:38:05.452,-0.06
2026-02-26 15:38:05.466,0.18
2026-02-26 15:38:05.478,-0.03
2026-02-26 15:38:05.492,-0.15
2026-02-26 15:38:05.506,0.08
2026-02-26 15:38:05.518,0.11
2026-02-26 15:38:05.532,-0.1
2026-02-26 15:38:05.546,-0.05
2026-02-26 15:38:05.558,0.1
2026-02-26 15:38:05.572,-0.03
2026-02-26 15:38:05.586,-0.01
2026-02-26 15:38:05.601,-0.01
2026-02-26 15:38:05.615,0.03
2026-02-26 15:38:05.626,-0.02
2026-02-26 15:38:05.638,0.01
2026-02-26 15:38:05.652,-0.01
2026-02-26 15:38:05.666,0.01
2026-02-26 15:38:05.678,-0.01
2026-02-26 15:38:05.692,0.02
2026-02-26 15:38:05.706,-0.01
2026-02-26 15:38:05.718,0.01
2026-02-26 15:38:05.732,-0.01
2026-02-26 15:38:05.746,0.03
2026-02-26 15:38:05.758,-0.04
2026-02-26 15:38:05.772,0.02
2026-02-26 15:38:05.788,0.0
2026-02-26 15:38:05.801,-0.01
2026-02-26 15:38:05.812,0.01
2026-02-26 15:38:05.826,-0.01
2026-02-26 15:38:05.838,0.02
2026-02-26 15:38:05.852,-0.02
2026-02-26 15:38:05.866,0.02
2026-02-26 15:38:05.878,-0.02
2026-02-26 15:38:05.892,0.01
2026-02-26 15:38:05.906,0.01
2026-02-26 15:38:05.918,-0.0
2026-02-26 15:38:05.932,-0.02
2026-02-26 15:38:05.946,0.02
2026-02-26 15:38:05.958,-0.02
2026-02-26 15:38:05.972,0.01
2026-02-26 15:38:05.986,0.0
2026-02-26 15:38:06.001,-0.01
2026-02-26 15:38:06.012,0.0
2026-02-26 15:38:06.026,0.01
2026-02-26 15:38:06.038,-0.01
2026-02-26 15:38:06.052,0.01
2026-02-26 15:38:06.066,-0.03
2026-02-26 15:38:06.078,0.03
2026-02-26 15:38:06.092,-0.03
2026-02-26 15:38:06.106,0.02
2026-02-26 15:38:06.118,-0.02
2026-02-26 15:38:06.132,0.02
2026-02-26 15:38:06.146,-0.01
2026-02-26 15:38:06.158,0.0
2026-02-26 15:38:06.172,0.0
2026-02-26 15:38:06.186,0.0
2026-02-26 15:38:06.201,-0.01
2026-02-26 15:38:06.212,0.02
2026-02-26 15:38:06.226,-0.03
2026-02-26 15:38:06.238,0.02
2026-02-26 15:38:06.252,-0.01
2026-02-26 15:38:06.266,0.0
2026-02-26 15:38:06.278,-0.01
2026-02-26 15:38:06.292,0.01
2026-02-26 15:38:06.306,-0.01
2026-02-26 15:38:06.318,0.02
2026-02-26 15:38:06.332,-0.03
2026-02-26 15:38:06.346,0.03
2026-02-26 15:38:06.358,-0.02
2026-02-26 15:38:06.372,0.02
2026-02-26 15:38:06.386,-0.02
2026-02-26 15:38:06.401,0.01
2026-02-26 15:38:06.412,-0.01
2026-02-26 15:38:06.426,0.02
2026-02-26 15:38:06.438,-0.03
2026-02-26 15:38:06.452,0.02
2026-02-26 15:38:06.466,-0.01
2026-02-26 15:38:06.478,0.02
2026-02-26 15:38:06.492,-0.04
2026-02-26 15:38:06.506,-0.0
2026-02-26 15:38:06.518,0.07
2026-02-26 15:38:06.532,-0.06
2026-02-26 15:38:06.546,-0.05
2026-02-26 15:38:06.558,0.07
2026-02-26 15:38:06.572,0.01
2026-02-26 15:38:06.588,-0.06
2026-02-26 15:38:06.601,0.03
2026-02-26 15:38:06.612,0.01
2026-02-26 15:38:06.626,-0.04
2026-02-26 15:38:06.638,0.09
2026-02-26 15:38:06.652,-0.06
2026-02-26 15:38:06.666,-0.05
2026-02-26 15:38:06.678,0.08
2026-02-26 15:38:06.692,0.03
2026-02-26 15:38:06.706,-0.11
2026-02-26 15:38:06.718,0.08
2026-02-26 15:38:06.732,-0.06
2026-02-26 15:38:06.746,0.07
2026-02-26 15:38:06.758,-0.03
2026-02-26 15:38:06.775,-0.06
2026-02-26 15:38:06.786,0.06
2026-02-26 15:38:06.798,-0.03
2026-02-26 15:38:06.812,0.05
2026-02-26 15:38:06.826,-0.05
2026-02-26 15:38:06.838,-0.04
2026-02-26 15:38:06.852,0.11
2026-02-26 15:38:06.866,-0.05
2026-02-26 15:38:06.878,-0.03
2026-02-26 15:38:06.892,0.03
2026-02-26 15:38:06.906,0.02
2026-02-26 15:38:06.918,-0.03
2026-02-26 15:38:06.932,0.01
2026-02-26 15:38:06.948,-0.01
2026-02-26 15:38:06.961,-0.01
2026-02-26 15:38:06.972,0.03
2026-02-26 15:38:06.986,-0.04
2026-02-26 15:38:06.998,0.02
2026-02-26 15:38:07.012,0.0
2026-02-26 15:38:07.026,-0.02
2026-02-26 15:38:07.038,0.01
2026-02-26 15:38:07.052,0.02
2026-02-26 15:38:07.066,-0.03
2026-02-26 15:38:07.078,0.03
2026-02-26 15:38:07.092,-0.02
2026-02-26 15:38:07.106,0.02
2026-02-26 15:38:07.118,-0.02
2026-02-26 15:38:07.132,0.01
2026-02-26 15:38:07.148,-0.01
2026-02-26 15:38:07.161,0.01
2026-02-26 15:38:07.172,-0.02
2026-02-26 15:38:07.186,0.02
2026-02-26 15:38:07.198,-0.02
2026-02-26 15:38:07.212,0.01
2026-02-26 15:38:07.226,-0.0
2026-02-26 15:38:07.238,0.0
2026-02-26 15:38:07.252,-0.0
2026-02-26 15:38:07.266,-0.01
2026-02-26 15:38:07.278,0.01
2026-02-26 15:38:07.292,0.0
2026-02-26 15:38:07.306,-0.02
2026-02-26 15:38:07.318,0.03
2026-02-26 15:38:07.332,-0.03
2026-02-26 15:38:07.346,0.03
2026-02-26 15:38:07.361,-0.03
2026-02-26 15:38:07.372,0.02
2026-02-26 15:38:07.386,-0.0
2026-02-26 15:38:07.398,-0.01
2026-02-26 15:38:07.412,0.01
2026-02-26 15:38:07.426,-0.01
2026-02-26 15:38:07.438,0.0
2026-02-26 15:38:07.452,-0.0
2026-02-26 15:38:07.466,0.0
2026-02-26 15:38:07.478,0.0
2026-02-26 15:38:07.492,-0.01
2026-02-26 15:38:07.508,0.01
2026-02-26 15:38:07.521,-0.0
2026-02-26 15:38:07.532,0.0
2026-02-26 15:38:07.546,-0.01
2026-02-26 15:38:07.558,0.01
2026-02-26 15:38:07.572,-0.01
2026-02-26 15:38:07.586,0.0
2026-02-26 15:38:07.598,0.0
2026-02-26 15:38:07.612,-0.0
2026-02-26 15:38:07.626,0.0
2026-02-26 15:38:07.638,0.0
2026-02-26 15:38:07.652,-0.0
2026-02-26 15:38:07.666,0.01
2026-02-26 15:38:07.678,-0.01
2026-02-26 15:38:07.692,0.0
2026-02-26 15:38:07.706,0.0
2026-02-26 15:38:07.721,0.0
2026-02-26 15:38:07.734,-0.0
2026-02-26 15:38:07.746,0.0
2026-02-26 15:38:07.758,-0.0
2026-02-26 15:38:07.772,0.01
2026-02-26 15:38:07.786,-0.01
2026-02-26 15:38:07.798,0.01
2026-02-26 15:38:07.812,-0.0
2026-02-26 15:38:07.826,-0.0
2026-02-26 15:38:07.838,0.0
2026-02-26 15:38:07.852,-0.0
2026-02-26 15:38:07.866,0.0
2026-02-26 15:38:07.878,-0.0
2026-02-26 15:38:07.895,0.0
2026-02-26 15:38:07.906,-0.01
2026-02-26 15:38:07.918,0.0
2026-02-26 15:38:07.932,0.01
2026-02-26 15:38:07.946,-0.01
2026-02-26 15:38:07.958,-0.0
2026-02-26 15:38:07.972,0.01
2026-02-26 15:38:07.986,-0.0
2026-02-26 15:38:07.998,-0.0
2026-02-26 15:38:08.012,-0.01
2026-02-26 15:38:08.026,0.01
2026-02-26 15:38:08.038,-0.01
2026-02-26 15:38:08.052,0.01
2026-02-26 15:38:08.068,-0.01
2026-02-26 15:38:08.078,0.01
2026-02-26 15:38:08.092,-0.01
2026-02-26 15:38:08.106,0.01
2026-02-26 15:38:08.118,-0.01
2026-02-26 15:38:08.132,0.0
2026-02-26 15:38:08.146,0.0
2026-02-26 15:38:08.158,-0.0
2026-02-26 15:38:08.172,0.0
2026-02-26 15:38:08.186,-0.0
2026-02-26 15:38:08.198,-0.0
2026-02-26 15:38:08.212,0.0
2026-02-26 15:38:08.226,0.0
2026-02-26 15:38:08.238,-0.0
2026-02-26 15:38:08.255,-0.01
2026-02-26 15:38:08.268,0.01
2026-02-26 15:38:08.278,-0.01
2026-02-26 15:38:08.292,0.01
2026-02-26 15:38:08.306,0.0
2026-02-26 15:38:08.318,-0.01
2026-02-26 15:38:08.332,0.01
2026-02-26 15:38:08.346,-0.0
2026-02-26 15:38:08.358,-0.01
2026-02-26 15:38:08.372,0.01
2026-02-26 15:38:08.386,-0.0
2026-02-26 15:38:08.398,-0.0
2026-02-26 15:38:08.412,-0.0
2026-02-26 15:38:08.428,0.0
2026-02-26 15:38:08.441,-0.01
2026-02-26 15:38:08.452,0.01
2026-02-26 15:38:08.466,-0.01
2026-02-26 15:38:08.478,0.0
2026-02-26 15:38:08.492,-0.0
2026-02-26 15:38:08.506,0.0
2026-02-26 15:38:08.518,-0.01
2026-02-26 15:38:08.532,0.0
2026-02-26 15:38:08.546,-0.0
2026-02-26 15:38:08.558,0.0
2026-02-26 15:38:08.572,-0.01
2026-02-26 15:38:08.586,0.0
2026-02-26 15:38:08.598,-0.0
2026-02-26 15:38:08.615,0.0
2026-02-26 15:38:08.628,-0.0
2026-02-26 15:38:08.638,0.0
2026-02-26 15:38:08.652,-0.01
2026-02-26 15:38:08.666,0.01
2026-02-26 15:38:08.678,-0.01
2026-02-26 15:38:08.692,-0.0
2026-02-26 15:38:08.706,0.0
2026-02-26 15:38:08.718,0.01
2026-02-26 15:38:08.732,-0.01
2026-02-26 15:38:08.746,0.01
2026-02-26 15:38:08.758,-0.0
2026-02-26 15:38:08.772,0.01
2026-02-26 15:38:08.786,-0.01
2026-02-26 15:38:08.798,0.01
2026-02-26 15:38:08.812,-0.01
2026-02-26 15:38:08.828,0.01
2026-02-26 15:38:08.840,-0.01
2026-02-26 15:38:08.852,0.0
2026-02-26 15:38:08.866,-0.0
2026-02-26 15:38:08.878,0.01
2026-02-26 15:38:08.892,-0.01
2026-02-26 15:38:08.906,0.01
2026-02-26 15:38:08.918,-0.01
2026-02-26 15:38:08.932,0.0
2026-02-26 15:38:08.946,0.0
2026-02-26 15:38:08.961,0.0
2026-02-26 15:38:08.975,-0.0
2026-02-26 15:38:08.986,0.0
